#
# TABLE STRUCTURE FOR: media
#

DROP TABLE IF EXISTS `media`;

CREATE TABLE `media` (
  `id` bigint(20) unsigned NOT NULL AUTO_INCREMENT,
  `media_type_id` bigint(20) unsigned DEFAULT NULL,
  `user_id` bigint(20) unsigned NOT NULL,
  `body` text COLLATE utf8mb4_unicode_ci DEFAULT NULL,
  `filename` varchar(255) COLLATE utf8mb4_unicode_ci DEFAULT NULL,
  `size` int(11) DEFAULT NULL,
  `metadata` longtext CHARACTER SET utf8mb4 COLLATE utf8mb4_bin DEFAULT NULL CHECK (json_valid(`metadata`)),
  `created_at` datetime DEFAULT current_timestamp(),
  `updated_at` datetime DEFAULT current_timestamp() ON UPDATE current_timestamp(),
  PRIMARY KEY (`id`),
  KEY `user_id` (`user_id`),
  KEY `media_type_id` (`media_type_id`),
  CONSTRAINT `media_ibfk_1` FOREIGN KEY (`user_id`) REFERENCES `users` (`id`) ON DELETE CASCADE ON UPDATE CASCADE,
  CONSTRAINT `media_ibfk_2` FOREIGN KEY (`media_type_id`) REFERENCES `media_types` (`id`) ON DELETE SET NULL ON UPDATE CASCADE
) ENGINE=InnoDB AUTO_INCREMENT=101 DEFAULT CHARSET=utf8mb4 COLLATE=utf8mb4_unicode_ci;

INSERT INTO `media` (`id`, `media_type_id`, `user_id`, `body`, `filename`, `size`, `metadata`, `created_at`, `updated_at`) VALUES ('1', '5', '12', 'Sed qui omnis eligendi vel voluptas. Nulla iure suscipit molestiae officia modi. Voluptatem ut reiciendis rerum voluptates.', 'libero', 959, NULL, '2018-07-17 02:19:24', '2011-12-24 11:18:03');
INSERT INTO `media` (`id`, `media_type_id`, `user_id`, `body`, `filename`, `size`, `metadata`, `created_at`, `updated_at`) VALUES ('2', '1', '18', 'Reprehenderit ipsum a sed nihil. In voluptas voluptate deleniti saepe maiores et. Molestiae voluptatem blanditiis dolor voluptatum dolorum. Id tempora magni quasi iusto unde officiis.', 'quia', 73779882, NULL, '2008-09-29 22:45:57', '1993-07-10 23:13:23');
INSERT INTO `media` (`id`, `media_type_id`, `user_id`, `body`, `filename`, `size`, `metadata`, `created_at`, `updated_at`) VALUES ('3', '4', '67', 'A ut eos sed et et quidem itaque. Provident quasi veniam qui suscipit cupiditate quis ullam atque.', 'recusandae', 764272, NULL, '2016-11-01 13:15:54', '1972-09-03 23:36:07');
INSERT INTO `media` (`id`, `media_type_id`, `user_id`, `body`, `filename`, `size`, `metadata`, `created_at`, `updated_at`) VALUES ('4', '5', '13', 'Repellat et quia ea vero laudantium deleniti doloribus. Libero ratione deleniti unde cumque ex. Ex ratione nisi repellat possimus. Quia vel error qui et.', 'dolor', 0, NULL, '2009-05-17 12:02:36', '1982-05-12 22:09:53');
INSERT INTO `media` (`id`, `media_type_id`, `user_id`, `body`, `filename`, `size`, `metadata`, `created_at`, `updated_at`) VALUES ('5', '4', '52', 'Est vel quidem saepe quia. Eligendi aut quaerat reprehenderit enim et vitae sit. At quia eos minus velit. Occaecati distinctio voluptas consequuntur dignissimos culpa est.', 'eos', 0, NULL, '1993-10-28 01:03:15', '1999-06-02 14:15:49');
INSERT INTO `media` (`id`, `media_type_id`, `user_id`, `body`, `filename`, `size`, `metadata`, `created_at`, `updated_at`) VALUES ('6', '6', '39', 'Ad delectus mollitia dolor occaecati aperiam. Omnis rerum vel ipsum atque est ipsum autem. Ab debitis et quae. Ut ut porro quia eveniet.', 'laudantium', 78528264, NULL, '1987-10-25 12:32:15', '1972-03-15 07:07:03');
INSERT INTO `media` (`id`, `media_type_id`, `user_id`, `body`, `filename`, `size`, `metadata`, `created_at`, `updated_at`) VALUES ('7', '1', '48', 'Neque et incidunt beatae non deleniti exercitationem. Ducimus velit perferendis in voluptatem natus ducimus dolorum molestiae. Minus nostrum ea aliquid quidem asperiores eum. Quod ullam odit et quis consequatur.', 'autem', 7195108, NULL, '1972-06-25 05:21:31', '1992-09-23 23:26:36');
INSERT INTO `media` (`id`, `media_type_id`, `user_id`, `body`, `filename`, `size`, `metadata`, `created_at`, `updated_at`) VALUES ('8', '9', '15', 'Veniam inventore eaque ut dolores. Dolor pariatur asperiores fugiat consequatur. Et consequatur assumenda est voluptas nobis.', 'ut', 556, NULL, '1972-07-15 01:19:25', '1995-05-20 07:30:49');
INSERT INTO `media` (`id`, `media_type_id`, `user_id`, `body`, `filename`, `size`, `metadata`, `created_at`, `updated_at`) VALUES ('9', '7', '37', 'Temporibus praesentium dicta asperiores sed tenetur non. Eveniet officia necessitatibus perspiciatis ad voluptatum. Sit quo dolorem molestias. Placeat fuga et aperiam et.', 'error', 1067, NULL, '1970-06-17 12:50:19', '1978-06-11 14:11:41');
INSERT INTO `media` (`id`, `media_type_id`, `user_id`, `body`, `filename`, `size`, `metadata`, `created_at`, `updated_at`) VALUES ('10', '4', '35', 'Est consectetur dolor sequi laborum. Sequi tempora quas enim ullam et sapiente eum illo. Tempore est facilis quo cumque veritatis consequatur ut.', 'esse', 0, NULL, '1996-10-02 03:37:27', '1994-10-21 17:53:52');
INSERT INTO `media` (`id`, `media_type_id`, `user_id`, `body`, `filename`, `size`, `metadata`, `created_at`, `updated_at`) VALUES ('11', '9', '34', 'Ipsam necessitatibus aut omnis dolore et aut quas. Aliquam explicabo aliquam commodi pariatur possimus. Repellat necessitatibus non id et quis expedita impedit iste. Commodi rerum incidunt sit ea.', 'alias', 13174818, NULL, '1985-10-27 17:39:14', '1975-08-17 22:12:52');
INSERT INTO `media` (`id`, `media_type_id`, `user_id`, `body`, `filename`, `size`, `metadata`, `created_at`, `updated_at`) VALUES ('12', '4', '69', 'Molestiae nihil harum dolore sit aliquam et facilis. Tenetur ab repellendus non dolorem itaque expedita modi aliquid.', 'dolores', 68, NULL, '2000-12-27 09:35:28', '1981-05-14 10:22:55');
INSERT INTO `media` (`id`, `media_type_id`, `user_id`, `body`, `filename`, `size`, `metadata`, `created_at`, `updated_at`) VALUES ('13', '9', '49', 'Cupiditate commodi sit in neque. Fugit facilis sapiente omnis debitis quia ipsa nihil. Repudiandae harum ratione omnis natus et itaque officia. Cupiditate dolorum blanditiis repellendus.', 'accusamus', 4181, NULL, '2022-03-11 12:36:19', '1979-02-28 21:56:32');
INSERT INTO `media` (`id`, `media_type_id`, `user_id`, `body`, `filename`, `size`, `metadata`, `created_at`, `updated_at`) VALUES ('14', '5', '30', 'Ab in eius qui delectus eveniet consequatur. Esse voluptas eligendi cupiditate voluptatem dignissimos. Doloribus qui velit ut voluptatem dolorum molestiae laborum.', 'atque', 4928, NULL, '1988-04-09 02:20:19', '2015-01-29 09:51:23');
INSERT INTO `media` (`id`, `media_type_id`, `user_id`, `body`, `filename`, `size`, `metadata`, `created_at`, `updated_at`) VALUES ('15', '1', '1', 'Eos sunt fugiat doloribus facere id iure. Vitae hic dolorem deserunt nemo aliquid. Quibusdam quam aut provident amet delectus reiciendis. Fugiat quaerat recusandae corporis.', 'saepe', 426, NULL, '2021-04-17 04:35:40', '2017-06-09 10:18:06');
INSERT INTO `media` (`id`, `media_type_id`, `user_id`, `body`, `filename`, `size`, `metadata`, `created_at`, `updated_at`) VALUES ('16', '9', '56', 'Corrupti consequatur sed illum itaque consequatur quae. Consequatur provident numquam qui rerum dolores et. Sed illo ab porro minima facilis ad eligendi dolorem. Cupiditate autem accusamus quidem iusto labore deserunt ut.', 'doloribus', 133, NULL, '1981-10-30 05:10:37', '2004-11-10 18:29:52');
INSERT INTO `media` (`id`, `media_type_id`, `user_id`, `body`, `filename`, `size`, `metadata`, `created_at`, `updated_at`) VALUES ('17', '2', '93', 'Labore esse et dignissimos consectetur. Suscipit et maiores maxime atque.', 'hic', 463547217, NULL, '1992-01-26 14:01:27', '1999-03-23 03:52:31');
INSERT INTO `media` (`id`, `media_type_id`, `user_id`, `body`, `filename`, `size`, `metadata`, `created_at`, `updated_at`) VALUES ('18', '8', '47', 'Possimus cum optio facere perspiciatis aperiam quis temporibus. Maiores similique omnis ipsum voluptatem dolor fugiat est. Totam cupiditate aut non iste. Doloribus rem illo nesciunt consequatur atque deserunt et. Aut praesentium nemo qui.', 'iste', 0, NULL, '2014-01-21 22:54:51', '1998-06-23 14:49:27');
INSERT INTO `media` (`id`, `media_type_id`, `user_id`, `body`, `filename`, `size`, `metadata`, `created_at`, `updated_at`) VALUES ('19', '6', '16', 'Quia earum dignissimos laborum et necessitatibus. Qui et cumque sapiente dolore non adipisci. Saepe atque cupiditate non recusandae molestias error quidem quia.', 'et', 4797, NULL, '1986-01-15 17:18:39', '1998-10-28 17:46:22');
INSERT INTO `media` (`id`, `media_type_id`, `user_id`, `body`, `filename`, `size`, `metadata`, `created_at`, `updated_at`) VALUES ('20', '6', '90', 'Expedita alias quos minus qui aut. Placeat non ducimus aliquid reiciendis nisi quas dolor incidunt. Minus explicabo velit deserunt modi doloribus aspernatur delectus.', 'praesentium', 726178205, NULL, '1994-04-29 13:37:06', '1990-07-14 07:27:32');
INSERT INTO `media` (`id`, `media_type_id`, `user_id`, `body`, `filename`, `size`, `metadata`, `created_at`, `updated_at`) VALUES ('21', '7', '17', 'Non id est ut velit qui. Nam explicabo neque voluptas voluptas in tenetur et autem. Quo nemo corporis velit blanditiis et fugit. Natus nisi et non repellat aut quia.', 'qui', 55961, NULL, '1991-10-20 06:20:36', '1970-03-10 23:21:09');
INSERT INTO `media` (`id`, `media_type_id`, `user_id`, `body`, `filename`, `size`, `metadata`, `created_at`, `updated_at`) VALUES ('22', '3', '72', 'Velit mollitia libero impedit veniam. Omnis est corporis eligendi sed sint eum qui. Sit quo consequatur aut quo iusto placeat.', 'delectus', 8343, NULL, '2000-03-01 23:25:22', '2012-01-17 06:16:30');
INSERT INTO `media` (`id`, `media_type_id`, `user_id`, `body`, `filename`, `size`, `metadata`, `created_at`, `updated_at`) VALUES ('23', '7', '10', 'Qui adipisci aut qui voluptatibus. Provident et facere provident. Quidem reprehenderit labore dolorum minus et. Tenetur alias sed maiores id harum ullam ducimus.', 'molestiae', 4, NULL, '1971-03-24 13:23:51', '2014-07-30 13:09:54');
INSERT INTO `media` (`id`, `media_type_id`, `user_id`, `body`, `filename`, `size`, `metadata`, `created_at`, `updated_at`) VALUES ('24', '9', '31', 'Necessitatibus sint assumenda labore. Sed sequi aut voluptatum vel soluta commodi deserunt. Dolores nam eum sed consectetur. Inventore hic et soluta optio consequatur fuga.', 'natus', 81605, NULL, '2012-12-11 07:12:11', '2014-11-10 21:20:45');
INSERT INTO `media` (`id`, `media_type_id`, `user_id`, `body`, `filename`, `size`, `metadata`, `created_at`, `updated_at`) VALUES ('25', '5', '16', 'Aut maxime accusamus perferendis exercitationem perspiciatis inventore cumque. Aliquid est eligendi beatae facilis est vel architecto aliquam. Et est et et qui facilis.', 'libero', 104, NULL, '2021-01-26 14:35:44', '2018-08-16 01:25:20');
INSERT INTO `media` (`id`, `media_type_id`, `user_id`, `body`, `filename`, `size`, `metadata`, `created_at`, `updated_at`) VALUES ('26', '7', '35', 'Earum iste ut reiciendis atque ut. Unde similique velit ut omnis temporibus sequi. Et pariatur iusto quidem minus.', 'exercitationem', 901, NULL, '2015-08-26 10:52:50', '2009-07-29 02:38:23');
INSERT INTO `media` (`id`, `media_type_id`, `user_id`, `body`, `filename`, `size`, `metadata`, `created_at`, `updated_at`) VALUES ('27', '5', '3', 'Optio ipsam enim optio eum. Eius nihil numquam non sint. Quae omnis qui asperiores non assumenda eum. Sed ducimus perferendis possimus provident quae vero perferendis.', 'rerum', 718, NULL, '1980-02-24 08:41:23', '1977-10-26 14:31:01');
INSERT INTO `media` (`id`, `media_type_id`, `user_id`, `body`, `filename`, `size`, `metadata`, `created_at`, `updated_at`) VALUES ('28', '1', '35', 'Consectetur non ab aut exercitationem ut. Nihil ea ducimus et quaerat. Aut qui culpa quam quia unde sed similique est.', 'dolor', 7368480, NULL, '1995-04-04 19:01:29', '1980-06-23 15:55:42');
INSERT INTO `media` (`id`, `media_type_id`, `user_id`, `body`, `filename`, `size`, `metadata`, `created_at`, `updated_at`) VALUES ('29', '6', '52', 'Delectus eligendi cum aperiam quaerat ullam et. Minus ea sint asperiores numquam veritatis recusandae nihil. Distinctio vel omnis nihil.', 'perferendis', 192, NULL, '2018-04-13 05:29:34', '1975-11-08 09:03:22');
INSERT INTO `media` (`id`, `media_type_id`, `user_id`, `body`, `filename`, `size`, `metadata`, `created_at`, `updated_at`) VALUES ('30', '7', '61', 'Qui culpa commodi in nihil. Dolorum necessitatibus excepturi quia ducimus eveniet assumenda. Molestias enim vel harum voluptatibus rerum omnis. Neque sit esse hic at.', 'pariatur', 9, NULL, '1981-06-29 03:39:53', '2021-01-17 18:25:11');
INSERT INTO `media` (`id`, `media_type_id`, `user_id`, `body`, `filename`, `size`, `metadata`, `created_at`, `updated_at`) VALUES ('31', '6', '53', 'Incidunt et natus aliquam odio eveniet maxime. Voluptas et ratione quaerat quasi consequatur est.', 'eveniet', 835, NULL, '1995-02-06 10:06:48', '1983-11-11 07:58:16');
INSERT INTO `media` (`id`, `media_type_id`, `user_id`, `body`, `filename`, `size`, `metadata`, `created_at`, `updated_at`) VALUES ('32', '2', '64', 'Rerum velit dolores nemo debitis perspiciatis aut velit. Repellat veniam vitae qui dignissimos. Iste autem sunt praesentium animi esse illo consequatur.', 'aut', 4464, NULL, '1987-12-07 08:43:42', '2014-03-01 15:33:42');
INSERT INTO `media` (`id`, `media_type_id`, `user_id`, `body`, `filename`, `size`, `metadata`, `created_at`, `updated_at`) VALUES ('33', '5', '91', 'Alias tempora natus accusantium velit nihil molestiae. Ut eum atque et accusantium architecto et. Voluptatem perferendis quia dolor adipisci doloribus blanditiis rem.', 'est', 89949569, NULL, '1980-03-13 04:42:46', '2021-01-09 06:57:55');
INSERT INTO `media` (`id`, `media_type_id`, `user_id`, `body`, `filename`, `size`, `metadata`, `created_at`, `updated_at`) VALUES ('34', '2', '4', 'Recusandae deserunt qui debitis in quos quos voluptatum. Nobis molestias voluptatem corporis accusantium. Qui in dolore labore aut eveniet excepturi. Quia consectetur et perspiciatis blanditiis consequatur voluptas non. Et asperiores porro nostrum voluptatum quibusdam nam minus.', 'aut', 886284, NULL, '1996-01-07 15:20:57', '2012-01-16 08:26:14');
INSERT INTO `media` (`id`, `media_type_id`, `user_id`, `body`, `filename`, `size`, `metadata`, `created_at`, `updated_at`) VALUES ('35', '1', '70', 'Eligendi in accusamus ea esse officia et numquam eos. Occaecati repudiandae ut delectus vel hic. Reiciendis non et et dolorem ipsum rerum dolores officiis.', 'sunt', 99835501, NULL, '2022-05-23 10:28:26', '2011-02-14 06:46:14');
INSERT INTO `media` (`id`, `media_type_id`, `user_id`, `body`, `filename`, `size`, `metadata`, `created_at`, `updated_at`) VALUES ('36', '10', '73', 'Animi et hic quos aut est. Consequatur qui autem sunt. Iste aut eos esse.', 'id', 2539630, NULL, '1997-06-08 04:04:39', '1996-11-19 19:53:28');
INSERT INTO `media` (`id`, `media_type_id`, `user_id`, `body`, `filename`, `size`, `metadata`, `created_at`, `updated_at`) VALUES ('37', '9', '23', 'Praesentium illo magni sint aspernatur officia et. Eveniet qui commodi cupiditate sapiente. Nostrum error et quaerat. Sapiente est itaque omnis laborum eveniet.', 'sunt', 2435349, NULL, '2014-05-21 12:12:22', '1970-05-14 11:07:49');
INSERT INTO `media` (`id`, `media_type_id`, `user_id`, `body`, `filename`, `size`, `metadata`, `created_at`, `updated_at`) VALUES ('38', '5', '50', 'Itaque ipsum nulla laudantium ut. Quibusdam quisquam nihil molestiae ad repellat ut blanditiis rerum. Autem molestias est ut magni ut ipsum est et. Quae est corrupti nam.', 'molestiae', 9, NULL, '1983-11-03 22:59:38', '1986-08-19 20:46:36');
INSERT INTO `media` (`id`, `media_type_id`, `user_id`, `body`, `filename`, `size`, `metadata`, `created_at`, `updated_at`) VALUES ('39', '4', '29', 'Perferendis hic a dolorum vero eaque sed aut rerum. Ullam sed ab nulla iste minima rerum. In repellendus adipisci modi. Quia delectus ea est culpa.', 'et', 5289415, NULL, '2015-05-16 05:59:41', '2008-12-29 17:23:40');
INSERT INTO `media` (`id`, `media_type_id`, `user_id`, `body`, `filename`, `size`, `metadata`, `created_at`, `updated_at`) VALUES ('40', '8', '79', 'Quia ut vero sint. Error alias est quis error sed debitis ut. Omnis non sequi eum sint dolore omnis.', 'iste', 0, NULL, '1999-01-01 04:26:28', '1970-07-29 10:12:46');
INSERT INTO `media` (`id`, `media_type_id`, `user_id`, `body`, `filename`, `size`, `metadata`, `created_at`, `updated_at`) VALUES ('41', '5', '45', 'Ut sit nihil vero velit. Perspiciatis non expedita cum. Inventore ipsum omnis dolorem quisquam et ipsa.', 'molestiae', 0, NULL, '1986-08-01 03:51:58', '1973-03-31 20:17:54');
INSERT INTO `media` (`id`, `media_type_id`, `user_id`, `body`, `filename`, `size`, `metadata`, `created_at`, `updated_at`) VALUES ('42', '2', '94', 'Ipsa eligendi eius maiores libero reprehenderit rerum non. Qui quibusdam totam ut. Soluta voluptas et ducimus nesciunt beatae. Nesciunt dicta id voluptatem quasi quis dignissimos dolores.', 'eligendi', 1367645, NULL, '2014-06-30 11:43:52', '2021-08-16 18:40:37');
INSERT INTO `media` (`id`, `media_type_id`, `user_id`, `body`, `filename`, `size`, `metadata`, `created_at`, `updated_at`) VALUES ('43', '5', '16', 'Ea assumenda dolorem ipsum perspiciatis alias quae atque. Voluptatem fugiat facilis impedit est quia. Odio sequi maiores aut totam qui aut.', 'dignissimos', 0, NULL, '2003-06-01 15:37:25', '1994-07-09 12:45:09');
INSERT INTO `media` (`id`, `media_type_id`, `user_id`, `body`, `filename`, `size`, `metadata`, `created_at`, `updated_at`) VALUES ('44', '3', '99', 'Ipsam reiciendis blanditiis odit facere odio ea quia. Quidem dignissimos autem nam rem. Quia aut voluptatem illo qui sed qui. Cumque omnis animi deserunt.', 'repellendus', 496, NULL, '2021-02-21 05:49:55', '1982-04-28 03:43:36');
INSERT INTO `media` (`id`, `media_type_id`, `user_id`, `body`, `filename`, `size`, `metadata`, `created_at`, `updated_at`) VALUES ('45', '7', '92', 'Quos aut nemo reprehenderit doloremque non veniam vero. Aut dolor sequi est alias alias laudantium. Unde culpa natus repellat quia nesciunt corporis harum quia. Dolorem fugiat tempora et suscipit blanditiis occaecati voluptatem. Aut culpa rerum sed similique consectetur est dolorem.', 'nihil', 8606, NULL, '1977-01-18 19:02:55', '1999-10-03 06:56:30');
INSERT INTO `media` (`id`, `media_type_id`, `user_id`, `body`, `filename`, `size`, `metadata`, `created_at`, `updated_at`) VALUES ('46', '6', '18', 'Aut qui fugit qui qui qui assumenda. Quidem quam optio dicta velit. Voluptates vel atque dignissimos ipsa facere. Voluptas sequi eius inventore exercitationem perspiciatis nihil. Ut tenetur autem reprehenderit commodi ut rerum laudantium.', 'fuga', 67715, NULL, '2002-02-23 21:15:00', '1987-02-07 21:49:16');
INSERT INTO `media` (`id`, `media_type_id`, `user_id`, `body`, `filename`, `size`, `metadata`, `created_at`, `updated_at`) VALUES ('47', '5', '77', 'Odit sit qui officia unde qui eos nulla. Magnam distinctio deleniti culpa. Repudiandae eos molestias commodi quod rerum. Numquam dolor error dolorum quisquam ullam ipsum. Omnis deserunt voluptatem deleniti iste praesentium dolorum eligendi.', 'aliquid', 58039, NULL, '1995-12-03 04:07:54', '1996-02-23 11:20:32');
INSERT INTO `media` (`id`, `media_type_id`, `user_id`, `body`, `filename`, `size`, `metadata`, `created_at`, `updated_at`) VALUES ('48', '9', '90', 'Culpa tempora ratione dolores qui illo et accusantium. Velit qui pariatur magni magnam consequuntur sequi.', 'tempora', 15598, NULL, '1998-10-25 17:40:36', '1987-10-29 14:29:48');
INSERT INTO `media` (`id`, `media_type_id`, `user_id`, `body`, `filename`, `size`, `metadata`, `created_at`, `updated_at`) VALUES ('49', '7', '92', 'Voluptatem esse quam quas eligendi numquam est fugiat. Magni enim quam earum alias nobis voluptate illum. Non itaque sint est consequatur ex soluta molestias dolores. Delectus atque qui voluptatum odio adipisci.', 'soluta', 254952, NULL, '1971-02-01 18:55:26', '1978-01-22 01:13:32');
INSERT INTO `media` (`id`, `media_type_id`, `user_id`, `body`, `filename`, `size`, `metadata`, `created_at`, `updated_at`) VALUES ('50', '10', '73', 'Reprehenderit sit soluta consequatur voluptas vitae repudiandae. Est sed et ullam aperiam quasi incidunt. Consequatur laborum assumenda tenetur architecto cum aut cupiditate reprehenderit.', 'quia', 971489648, NULL, '2020-10-20 22:18:49', '2002-12-19 19:49:03');
INSERT INTO `media` (`id`, `media_type_id`, `user_id`, `body`, `filename`, `size`, `metadata`, `created_at`, `updated_at`) VALUES ('51', '7', '88', 'Doloremque voluptas ea ut inventore fuga consequuntur magni totam. Unde inventore quis velit qui beatae. Vitae et ex ipsa voluptatem aut itaque voluptates.', 'et', 6713577, NULL, '1995-02-09 19:03:26', '2019-03-16 03:29:04');
INSERT INTO `media` (`id`, `media_type_id`, `user_id`, `body`, `filename`, `size`, `metadata`, `created_at`, `updated_at`) VALUES ('52', '5', '48', 'Libero praesentium nemo corporis laboriosam ut. Maxime eum magni numquam. Quaerat deleniti in ipsa rerum. Voluptatum quis nisi ut itaque.', 'quos', 11233950, NULL, '2005-05-24 11:08:13', '1970-09-20 18:48:38');
INSERT INTO `media` (`id`, `media_type_id`, `user_id`, `body`, `filename`, `size`, `metadata`, `created_at`, `updated_at`) VALUES ('53', '1', '89', 'Qui reiciendis voluptatem laboriosam accusamus. Amet pariatur eum natus eaque et qui sint.', 'distinctio', 0, NULL, '1990-04-23 02:06:03', '1982-08-01 07:33:14');
INSERT INTO `media` (`id`, `media_type_id`, `user_id`, `body`, `filename`, `size`, `metadata`, `created_at`, `updated_at`) VALUES ('54', '10', '42', 'Nesciunt nobis odio voluptatem et pariatur nostrum. Sit quidem repellendus ut veniam vel id impedit. Qui quibusdam natus corrupti magnam. In voluptatem deleniti molestiae illo necessitatibus. Nemo et debitis iusto dolor fugit perspiciatis.', 'in', 780, NULL, '1994-11-29 11:35:12', '1971-05-17 11:10:24');
INSERT INTO `media` (`id`, `media_type_id`, `user_id`, `body`, `filename`, `size`, `metadata`, `created_at`, `updated_at`) VALUES ('55', '2', '78', 'Quas debitis accusantium voluptas ut aut ducimus cupiditate. Qui repellat et modi optio ducimus explicabo. Fugit vel quis nesciunt consequatur quasi. Minus dolorem et beatae sunt maiores at.', 'consequuntur', 593114756, NULL, '1989-03-10 03:52:01', '2011-08-25 04:50:18');
INSERT INTO `media` (`id`, `media_type_id`, `user_id`, `body`, `filename`, `size`, `metadata`, `created_at`, `updated_at`) VALUES ('56', '3', '62', 'Incidunt debitis similique non nam ducimus. Sit non magni dolores perspiciatis vel qui et. Aliquid et at quibusdam. Quidem sit vel porro autem occaecati tempora hic.', 'harum', 422964, NULL, '1988-09-18 18:32:18', '2015-12-20 06:07:56');
INSERT INTO `media` (`id`, `media_type_id`, `user_id`, `body`, `filename`, `size`, `metadata`, `created_at`, `updated_at`) VALUES ('57', '3', '33', 'Est eos tenetur laudantium corrupti accusamus earum. Exercitationem sint ut id velit magni deserunt. Quisquam voluptatem in sunt qui velit quis officiis.', 'qui', 372, NULL, '1999-02-05 23:06:39', '2015-08-29 11:15:32');
INSERT INTO `media` (`id`, `media_type_id`, `user_id`, `body`, `filename`, `size`, `metadata`, `created_at`, `updated_at`) VALUES ('58', '6', '70', 'Consequuntur excepturi quae sint cum qui est voluptatum. Enim provident ipsam voluptatem quod blanditiis. Tempora accusantium quod iste corrupti quo repellendus.', 'sunt', 0, NULL, '2016-10-24 10:15:07', '2006-04-02 05:30:34');
INSERT INTO `media` (`id`, `media_type_id`, `user_id`, `body`, `filename`, `size`, `metadata`, `created_at`, `updated_at`) VALUES ('59', '5', '83', 'Eum architecto recusandae pariatur et qui et. Dolor dolorem asperiores quidem. Ad quaerat voluptas magnam quos qui. Nam eum quam eveniet nulla exercitationem.', 'deleniti', 5859770, NULL, '2000-01-20 15:24:33', '2010-03-19 03:39:10');
INSERT INTO `media` (`id`, `media_type_id`, `user_id`, `body`, `filename`, `size`, `metadata`, `created_at`, `updated_at`) VALUES ('60', '7', '14', 'Qui voluptatem quos quis dolorum sit repellendus. Quos recusandae dolor enim quae dolores quos.', 'aut', 30, NULL, '1973-02-12 07:22:54', '2019-09-14 05:33:30');
INSERT INTO `media` (`id`, `media_type_id`, `user_id`, `body`, `filename`, `size`, `metadata`, `created_at`, `updated_at`) VALUES ('61', '8', '29', 'Aspernatur animi a autem odio. Repellendus exercitationem sed ea reiciendis fuga ipsum. Distinctio vero aspernatur dolores earum voluptatem. Facere aspernatur nesciunt id et officia aut.', 'iure', 5928, NULL, '1971-10-07 12:04:35', '1974-01-29 03:03:34');
INSERT INTO `media` (`id`, `media_type_id`, `user_id`, `body`, `filename`, `size`, `metadata`, `created_at`, `updated_at`) VALUES ('62', '4', '19', 'Nihil occaecati omnis non quo aut. Sunt eveniet fuga dolores totam qui velit. Qui deleniti aliquam recusandae.', 'est', 18884031, NULL, '2001-08-11 12:52:52', '2021-09-18 10:36:08');
INSERT INTO `media` (`id`, `media_type_id`, `user_id`, `body`, `filename`, `size`, `metadata`, `created_at`, `updated_at`) VALUES ('63', '1', '14', 'Ratione vel omnis tenetur unde labore accusamus illo. Nihil quibusdam pariatur laboriosam in pariatur ea dolores. Sequi iste incidunt minima at. In qui tenetur illum eligendi quam.', 'ut', 8595, NULL, '1989-06-09 07:27:37', '2010-05-23 05:17:47');
INSERT INTO `media` (`id`, `media_type_id`, `user_id`, `body`, `filename`, `size`, `metadata`, `created_at`, `updated_at`) VALUES ('64', '1', '72', 'Occaecati commodi dignissimos ut et id ea aut repellendus. Aperiam animi ea adipisci esse odio veniam. Quis ad laboriosam quae omnis earum autem voluptates et.', 'quas', 15, NULL, '1971-05-16 10:47:31', '1974-12-22 16:35:11');
INSERT INTO `media` (`id`, `media_type_id`, `user_id`, `body`, `filename`, `size`, `metadata`, `created_at`, `updated_at`) VALUES ('65', '1', '3', 'Possimus amet maxime sunt esse et eligendi. Et dolore repellendus earum doloremque atque qui. Aut est et adipisci. Eaque ut autem aut ut cupiditate excepturi.', 'temporibus', 33118008, NULL, '1985-01-11 03:49:56', '1978-12-25 00:11:57');
INSERT INTO `media` (`id`, `media_type_id`, `user_id`, `body`, `filename`, `size`, `metadata`, `created_at`, `updated_at`) VALUES ('66', '5', '67', 'Odio expedita expedita totam corrupti ut. Quaerat blanditiis qui sed fuga dolorum ut ut. Ea accusamus aut aut qui cum iste.', 'sunt', 89946092, NULL, '2007-05-22 17:46:39', '1989-11-26 21:58:47');
INSERT INTO `media` (`id`, `media_type_id`, `user_id`, `body`, `filename`, `size`, `metadata`, `created_at`, `updated_at`) VALUES ('67', '9', '89', 'Nihil possimus doloribus est enim omnis aut illum molestiae. Placeat labore doloremque vero ut perspiciatis. Iusto nihil aut id molestias excepturi. Sed consectetur atque dolor velit accusamus fugit dolores voluptatem.', 'dolorem', 64193, NULL, '2001-04-12 15:10:44', '1993-07-22 01:22:23');
INSERT INTO `media` (`id`, `media_type_id`, `user_id`, `body`, `filename`, `size`, `metadata`, `created_at`, `updated_at`) VALUES ('68', '2', '100', 'Odio doloribus et aspernatur. Cumque inventore id quis officiis neque et.', 'magnam', 8276, NULL, '1977-10-15 05:17:39', '2006-04-28 14:59:57');
INSERT INTO `media` (`id`, `media_type_id`, `user_id`, `body`, `filename`, `size`, `metadata`, `created_at`, `updated_at`) VALUES ('69', '8', '13', 'Culpa ab hic nihil. Perferendis sint velit voluptas quos itaque est iste. Totam ad in nisi non fugiat.', 'in', 70946, NULL, '1981-02-02 11:43:15', '2016-01-18 01:02:30');
INSERT INTO `media` (`id`, `media_type_id`, `user_id`, `body`, `filename`, `size`, `metadata`, `created_at`, `updated_at`) VALUES ('70', '5', '95', 'Unde quia cum aut consequatur sint ut incidunt. Eum tempora unde consequuntur magni nulla ut alias aspernatur. Fugit commodi est voluptate sit. Sequi perferendis repudiandae ducimus et.', 'velit', 3050793, NULL, '2017-11-11 05:49:55', '2020-05-20 14:04:31');
INSERT INTO `media` (`id`, `media_type_id`, `user_id`, `body`, `filename`, `size`, `metadata`, `created_at`, `updated_at`) VALUES ('71', '9', '62', 'Iusto ab voluptates dolores architecto nisi autem. At voluptates et provident voluptas aspernatur sunt. Voluptatibus nisi voluptates eum ut aut consequuntur. Eligendi aut est eum similique.', 'aut', 54108445, NULL, '2020-05-09 06:08:17', '1987-12-08 13:56:29');
INSERT INTO `media` (`id`, `media_type_id`, `user_id`, `body`, `filename`, `size`, `metadata`, `created_at`, `updated_at`) VALUES ('72', '6', '12', 'Facere eligendi molestiae fuga commodi natus quas doloribus. Eius debitis aperiam dignissimos aperiam voluptas iste. Sint saepe qui numquam est eos sunt. Eius deleniti aut quaerat minima voluptatem dolor. Quia aspernatur eos nesciunt possimus.', 'sed', 490, NULL, '1992-05-16 15:38:17', '1979-04-10 08:33:25');
INSERT INTO `media` (`id`, `media_type_id`, `user_id`, `body`, `filename`, `size`, `metadata`, `created_at`, `updated_at`) VALUES ('73', '10', '11', 'Voluptas inventore accusantium vitae quisquam iste minus. Architecto aut voluptas odit est velit est dolorem voluptas. Ut provident sed tempora esse laudantium dolorum.', 'voluptatem', 8902268, NULL, '2011-12-24 20:20:21', '2022-08-08 06:18:36');
INSERT INTO `media` (`id`, `media_type_id`, `user_id`, `body`, `filename`, `size`, `metadata`, `created_at`, `updated_at`) VALUES ('74', '9', '42', 'Quia omnis qui officiis autem quaerat et. Velit delectus et nemo. Molestiae excepturi assumenda cumque esse ea et. Tenetur odio et natus omnis consequatur quam.', 'eum', 0, NULL, '1990-12-26 05:16:57', '2003-02-22 12:22:08');
INSERT INTO `media` (`id`, `media_type_id`, `user_id`, `body`, `filename`, `size`, `metadata`, `created_at`, `updated_at`) VALUES ('75', '10', '50', 'Numquam et aut ea rerum. Debitis sint tempora modi mollitia rerum in culpa. Ad non sit consectetur consequatur deserunt quo. In voluptas asperiores incidunt totam aut.', 'voluptatibus', 5028, NULL, '2010-11-27 02:02:02', '1991-06-03 20:01:33');
INSERT INTO `media` (`id`, `media_type_id`, `user_id`, `body`, `filename`, `size`, `metadata`, `created_at`, `updated_at`) VALUES ('76', '6', '68', 'Et et officiis rerum dolores ex tempore. Earum et sint aspernatur consequuntur labore ex. Asperiores reprehenderit optio quo et deserunt iste. Dolor labore ut aut reprehenderit consequatur.', 'soluta', 6112517, NULL, '2002-01-11 04:43:32', '1978-09-16 03:33:51');
INSERT INTO `media` (`id`, `media_type_id`, `user_id`, `body`, `filename`, `size`, `metadata`, `created_at`, `updated_at`) VALUES ('77', '8', '87', 'Ipsa quas cupiditate cum aut consectetur. Optio exercitationem quisquam et autem repellendus eum. Ea est sunt voluptates expedita esse quod vitae. Blanditiis dolorem sequi consequatur molestias.', 'quos', 3231321, NULL, '1992-03-12 19:28:19', '2020-05-04 22:46:52');
INSERT INTO `media` (`id`, `media_type_id`, `user_id`, `body`, `filename`, `size`, `metadata`, `created_at`, `updated_at`) VALUES ('78', '9', '83', 'Distinctio asperiores quasi numquam ut at dolor modi. Sed omnis et eveniet possimus. Cumque assumenda doloribus id neque architecto accusantium sed. Nemo id quod eius dicta inventore.', 'quibusdam', 8618928, NULL, '1981-02-26 21:21:51', '1971-09-21 20:03:33');
INSERT INTO `media` (`id`, `media_type_id`, `user_id`, `body`, `filename`, `size`, `metadata`, `created_at`, `updated_at`) VALUES ('79', '1', '95', 'Excepturi quia ut corrupti fugiat. Assumenda autem eligendi officiis vitae esse omnis. Qui similique dolores ipsa vitae voluptas ex aspernatur aliquid.', 'nihil', 16203427, NULL, '2009-05-06 17:10:20', '2015-11-15 20:10:00');
INSERT INTO `media` (`id`, `media_type_id`, `user_id`, `body`, `filename`, `size`, `metadata`, `created_at`, `updated_at`) VALUES ('80', '6', '6', 'Qui quidem recusandae facere aut. Nihil impedit vitae et. Beatae qui laudantium aut praesentium.', 'velit', 0, NULL, '1990-10-28 09:47:43', '1994-03-17 21:06:10');
INSERT INTO `media` (`id`, `media_type_id`, `user_id`, `body`, `filename`, `size`, `metadata`, `created_at`, `updated_at`) VALUES ('81', '10', '98', 'Excepturi laboriosam error voluptas architecto molestiae temporibus nihil enim. Rerum sed in nihil eveniet saepe. Quis fugit autem soluta qui rerum similique suscipit.', 'molestiae', 62240, NULL, '2002-09-08 16:59:44', '2016-04-17 10:07:10');
INSERT INTO `media` (`id`, `media_type_id`, `user_id`, `body`, `filename`, `size`, `metadata`, `created_at`, `updated_at`) VALUES ('82', '8', '87', 'Consequatur ex laudantium animi molestias earum. Dolores necessitatibus in est perferendis debitis. Cupiditate possimus quaerat consequuntur quia nobis. Itaque quia ex voluptatum omnis aspernatur.', 'deserunt', 885063, NULL, '1970-07-24 05:18:35', '1997-05-29 17:06:07');
INSERT INTO `media` (`id`, `media_type_id`, `user_id`, `body`, `filename`, `size`, `metadata`, `created_at`, `updated_at`) VALUES ('83', '9', '87', 'Enim ex consequatur sed. Aliquam beatae voluptates eos non. Perspiciatis officia cupiditate eum et.', 'nisi', 606, NULL, '2018-07-07 05:57:54', '2005-04-11 20:04:44');
INSERT INTO `media` (`id`, `media_type_id`, `user_id`, `body`, `filename`, `size`, `metadata`, `created_at`, `updated_at`) VALUES ('84', '9', '64', 'Impedit incidunt cupiditate sapiente repellat unde a nobis voluptatem. Aut voluptate cum perferendis illo. Distinctio consequatur eaque atque.', 'optio', 363785215, NULL, '1990-06-07 20:13:38', '2009-12-24 05:08:16');
INSERT INTO `media` (`id`, `media_type_id`, `user_id`, `body`, `filename`, `size`, `metadata`, `created_at`, `updated_at`) VALUES ('85', '10', '28', 'Omnis quia occaecati omnis laudantium sit qui facere. Ipsam nisi quam aut eius. Itaque sit nemo sit vero eius labore.', 'eum', 2, NULL, '1987-07-18 10:33:22', '2003-02-16 16:11:40');
INSERT INTO `media` (`id`, `media_type_id`, `user_id`, `body`, `filename`, `size`, `metadata`, `created_at`, `updated_at`) VALUES ('86', '6', '89', 'Iure illo ipsam id perferendis quos laudantium id. Molestiae corporis totam veniam mollitia similique fugit ut illo. Sit tempore consequatur incidunt sed amet ab neque.', 'blanditiis', 25482, NULL, '2022-06-29 04:47:14', '1974-07-27 16:04:24');
INSERT INTO `media` (`id`, `media_type_id`, `user_id`, `body`, `filename`, `size`, `metadata`, `created_at`, `updated_at`) VALUES ('87', '9', '14', 'Nobis praesentium inventore sunt voluptates rerum impedit repudiandae. Praesentium voluptatum alias ad sed perspiciatis eum sit molestias. Quos a asperiores fuga temporibus fugit consectetur iusto.', 'nisi', 32314090, NULL, '2011-07-15 05:19:06', '1990-10-27 03:42:17');
INSERT INTO `media` (`id`, `media_type_id`, `user_id`, `body`, `filename`, `size`, `metadata`, `created_at`, `updated_at`) VALUES ('88', '1', '83', 'Similique velit et unde autem. Quia maxime magni quae ipsum molestiae. Qui quia eum sapiente illo ab ut adipisci.', 'odit', 625966818, NULL, '1984-03-15 16:16:36', '1985-09-25 21:47:52');
INSERT INTO `media` (`id`, `media_type_id`, `user_id`, `body`, `filename`, `size`, `metadata`, `created_at`, `updated_at`) VALUES ('89', '3', '82', 'Eos quam provident tempora id dolorem. Quae debitis illo assumenda vel molestiae. Sunt est aliquam totam rerum nesciunt ea.', 'modi', 0, NULL, '1994-10-13 05:31:43', '1973-02-27 06:20:39');
INSERT INTO `media` (`id`, `media_type_id`, `user_id`, `body`, `filename`, `size`, `metadata`, `created_at`, `updated_at`) VALUES ('90', '3', '17', 'In harum cupiditate reiciendis. Ducimus vitae dignissimos modi soluta. Ut quod eligendi veniam voluptates culpa autem et. Sunt alias autem dolorem illo.', 'maiores', 11, NULL, '1990-04-14 22:37:12', '1971-04-05 06:51:51');
INSERT INTO `media` (`id`, `media_type_id`, `user_id`, `body`, `filename`, `size`, `metadata`, `created_at`, `updated_at`) VALUES ('91', '4', '79', 'Velit sed qui aut delectus. Est reprehenderit sit quaerat qui nihil consequatur. Autem non repellendus repudiandae qui reiciendis molestiae id aut. Aspernatur dolores sequi rerum et tempore quaerat non est.', 'ut', 6951, NULL, '2019-03-05 09:19:27', '1985-05-04 12:18:43');
INSERT INTO `media` (`id`, `media_type_id`, `user_id`, `body`, `filename`, `size`, `metadata`, `created_at`, `updated_at`) VALUES ('92', '9', '9', 'Nisi non quia consequatur officiis adipisci a. Reprehenderit rerum voluptas aut est. Omnis beatae eligendi optio. Consequatur quod in dolor harum.', 'laborum', 67479, NULL, '1971-06-14 03:57:40', '1996-03-10 20:09:34');
INSERT INTO `media` (`id`, `media_type_id`, `user_id`, `body`, `filename`, `size`, `metadata`, `created_at`, `updated_at`) VALUES ('93', '7', '70', 'Tenetur accusantium sint laboriosam sit et. Earum debitis repudiandae id corrupti excepturi error. Impedit nam pariatur pariatur ut delectus dolorem id. Sint accusantium mollitia qui quam voluptas aliquam.', 'odit', 57, NULL, '2021-11-09 09:39:34', '2021-09-04 07:47:54');
INSERT INTO `media` (`id`, `media_type_id`, `user_id`, `body`, `filename`, `size`, `metadata`, `created_at`, `updated_at`) VALUES ('94', '10', '66', 'Accusamus fugiat eum temporibus similique itaque aliquam. Vero debitis vero architecto at laudantium blanditiis possimus. Explicabo laborum earum et impedit. Unde quasi qui ratione corrupti rerum eaque omnis.', 'facilis', 90808335, NULL, '2009-01-02 08:04:50', '2012-06-20 19:54:12');
INSERT INTO `media` (`id`, `media_type_id`, `user_id`, `body`, `filename`, `size`, `metadata`, `created_at`, `updated_at`) VALUES ('95', '7', '45', 'Atque amet reprehenderit iste qui dignissimos voluptatem delectus. Consequatur in dolorem temporibus eum. Quia deserunt cum doloremque possimus nisi.', 'odit', 647, NULL, '1982-01-26 14:37:57', '2010-01-07 22:21:00');
INSERT INTO `media` (`id`, `media_type_id`, `user_id`, `body`, `filename`, `size`, `metadata`, `created_at`, `updated_at`) VALUES ('96', '8', '61', 'Exercitationem voluptas quia molestias. Dolore praesentium dignissimos consequatur maiores labore. Voluptate exercitationem pariatur dolor et eum esse. Rerum aut quam aliquid odit fugit neque fugiat.', 'omnis', 94911, NULL, '1977-07-10 06:40:35', '1987-12-30 00:42:22');
INSERT INTO `media` (`id`, `media_type_id`, `user_id`, `body`, `filename`, `size`, `metadata`, `created_at`, `updated_at`) VALUES ('97', '5', '43', 'Rem officia voluptas necessitatibus sint saepe optio. Voluptatem sed quia non reprehenderit. Molestias quis maiores quia necessitatibus non. Et ut ex veniam nesciunt illo quidem.', 'id', 128, NULL, '2008-02-17 06:37:09', '1974-06-22 20:02:33');
INSERT INTO `media` (`id`, `media_type_id`, `user_id`, `body`, `filename`, `size`, `metadata`, `created_at`, `updated_at`) VALUES ('98', '5', '29', 'Id neque et voluptatem qui asperiores est quas. Quasi atque nostrum optio exercitationem.', 'laboriosam', 77393353, NULL, '1985-08-05 03:26:18', '2001-04-20 03:18:42');
INSERT INTO `media` (`id`, `media_type_id`, `user_id`, `body`, `filename`, `size`, `metadata`, `created_at`, `updated_at`) VALUES ('99', '3', '33', 'Dicta est sed quo repudiandae voluptate doloribus. Nesciunt eum autem quibusdam laboriosam quasi. Ut aliquid aliquid quis facere. Vel facilis cumque reprehenderit ipsa repellat.', 'animi', 0, NULL, '1993-11-08 10:57:34', '1970-07-20 19:34:44');
INSERT INTO `media` (`id`, `media_type_id`, `user_id`, `body`, `filename`, `size`, `metadata`, `created_at`, `updated_at`) VALUES ('100', '10', '29', 'Veniam magnam omnis cupiditate excepturi sunt. Tempora sint architecto accusamus aut. Eius sunt accusamus nam corrupti excepturi soluta.', 'harum', 435743309, NULL, '1989-10-28 23:44:42', '1986-06-06 20:01:55');


#
# TABLE STRUCTURE FOR: media_types
#

DROP TABLE IF EXISTS `media_types`;

CREATE TABLE `media_types` (
  `id` bigint(20) unsigned NOT NULL AUTO_INCREMENT,
  `name` varchar(255) COLLATE utf8mb4_unicode_ci DEFAULT NULL,
  `created_at` datetime DEFAULT current_timestamp(),
  `updated_at` datetime DEFAULT current_timestamp() ON UPDATE current_timestamp(),
  PRIMARY KEY (`id`)
) ENGINE=InnoDB AUTO_INCREMENT=11 DEFAULT CHARSET=utf8mb4 COLLATE=utf8mb4_unicode_ci;

INSERT INTO `media_types` (`id`, `name`, `created_at`, `updated_at`) VALUES ('1', 'temporibus', '1978-07-08 02:50:45', '1987-09-30 01:21:20');
INSERT INTO `media_types` (`id`, `name`, `created_at`, `updated_at`) VALUES ('2', 'est', '1986-12-07 18:58:48', '1972-07-07 16:10:02');
INSERT INTO `media_types` (`id`, `name`, `created_at`, `updated_at`) VALUES ('3', 'illum', '1980-12-03 19:33:28', '1977-12-26 08:54:45');
INSERT INTO `media_types` (`id`, `name`, `created_at`, `updated_at`) VALUES ('4', 'fuga', '1980-10-18 06:20:11', '2000-04-25 01:23:32');
INSERT INTO `media_types` (`id`, `name`, `created_at`, `updated_at`) VALUES ('5', 'nobis', '1987-12-21 00:31:40', '1987-08-23 05:20:26');
INSERT INTO `media_types` (`id`, `name`, `created_at`, `updated_at`) VALUES ('6', 'tempore', '1970-02-01 21:10:54', '1993-09-03 13:12:14');
INSERT INTO `media_types` (`id`, `name`, `created_at`, `updated_at`) VALUES ('7', 'dolorem', '2012-03-31 04:40:45', '1977-09-27 02:08:43');
INSERT INTO `media_types` (`id`, `name`, `created_at`, `updated_at`) VALUES ('8', 'accusantium', '2003-07-12 21:14:37', '1999-03-14 11:10:46');
INSERT INTO `media_types` (`id`, `name`, `created_at`, `updated_at`) VALUES ('9', 'perspiciatis', '2003-05-05 10:10:58', '1977-09-28 23:49:27');
INSERT INTO `media_types` (`id`, `name`, `created_at`, `updated_at`) VALUES ('10', 'occaecati', '2021-08-13 11:01:55', '2003-10-29 23:02:16');


#
# TABLE STRUCTURE FOR: messages
#

DROP TABLE IF EXISTS `messages`;

CREATE TABLE `messages` (
  `id` bigint(20) unsigned NOT NULL AUTO_INCREMENT,
  `from_user_id` bigint(20) unsigned NOT NULL,
  `to_user_id` bigint(20) unsigned NOT NULL,
  `body` text COLLATE utf8mb4_unicode_ci DEFAULT NULL,
  `created_at` datetime DEFAULT current_timestamp(),
  PRIMARY KEY (`id`),
  KEY `from_user_id` (`from_user_id`),
  KEY `to_user_id` (`to_user_id`),
  CONSTRAINT `messages_ibfk_1` FOREIGN KEY (`from_user_id`) REFERENCES `users` (`id`) ON DELETE CASCADE ON UPDATE CASCADE,
  CONSTRAINT `messages_ibfk_2` FOREIGN KEY (`to_user_id`) REFERENCES `users` (`id`) ON DELETE CASCADE ON UPDATE CASCADE
) ENGINE=InnoDB AUTO_INCREMENT=101 DEFAULT CHARSET=utf8mb4 COLLATE=utf8mb4_unicode_ci;

INSERT INTO `messages` (`id`, `from_user_id`, `to_user_id`, `body`, `created_at`) VALUES ('1', '28', '20', 'Officiis expedita odit est quis reprehenderit ex. Maxime libero dolorem ut nostrum adipisci dolor. Et exercitationem excepturi eaque cumque omnis sapiente. Vero sint omnis ut aut autem.', '2011-12-03 22:55:22');
INSERT INTO `messages` (`id`, `from_user_id`, `to_user_id`, `body`, `created_at`) VALUES ('2', '39', '15', 'Impedit sed voluptatum occaecati quia aliquid quos nisi. Rem non magnam fugiat amet qui. Quia voluptates tenetur voluptate voluptatem sequi doloremque ut perferendis.', '2003-09-08 07:27:00');
INSERT INTO `messages` (`id`, `from_user_id`, `to_user_id`, `body`, `created_at`) VALUES ('3', '72', '76', 'Quae eius voluptate sit assumenda et consequatur similique. Et enim explicabo dolore natus voluptatem est. Alias autem est necessitatibus repellendus temporibus et.', '2000-07-22 01:04:05');
INSERT INTO `messages` (`id`, `from_user_id`, `to_user_id`, `body`, `created_at`) VALUES ('4', '39', '3', 'Voluptatibus expedita aperiam voluptatibus dolorem debitis dolorum quia. Et ad ut quo odit aliquam rem.', '2008-04-22 20:47:46');
INSERT INTO `messages` (`id`, `from_user_id`, `to_user_id`, `body`, `created_at`) VALUES ('5', '50', '11', 'Perspiciatis sit illo quibusdam modi in praesentium id quas. Fugit officia aliquid voluptatem. Dignissimos et fugit eveniet eum voluptate. Qui iste accusamus maxime explicabo rem voluptatibus velit nemo.', '1975-10-01 05:38:08');
INSERT INTO `messages` (`id`, `from_user_id`, `to_user_id`, `body`, `created_at`) VALUES ('6', '100', '17', 'Minus sequi minus nulla qui velit in quod. Perspiciatis ut dolor quia illum ex dolor. Architecto nisi quis commodi similique ex. Est quo repellendus earum consectetur vel.', '1986-10-25 11:06:22');
INSERT INTO `messages` (`id`, `from_user_id`, `to_user_id`, `body`, `created_at`) VALUES ('7', '16', '43', 'Laboriosam quis natus id ad omnis eveniet. Magni deleniti modi aperiam dolorem voluptas sequi. Illum laboriosam enim optio consequatur delectus sequi sed dolorem.', '2000-12-06 10:08:34');
INSERT INTO `messages` (`id`, `from_user_id`, `to_user_id`, `body`, `created_at`) VALUES ('8', '46', '31', 'Est est non ullam consequatur. Provident facere blanditiis in rerum. Aut eum quasi et ullam quia.', '1979-04-20 20:47:45');
INSERT INTO `messages` (`id`, `from_user_id`, `to_user_id`, `body`, `created_at`) VALUES ('9', '24', '65', 'Repellat consectetur aperiam nobis deserunt officiis laboriosam iusto. Dolores inventore quis labore dolorum et non est. Excepturi quo molestias voluptates officiis beatae.', '1987-12-19 19:52:50');
INSERT INTO `messages` (`id`, `from_user_id`, `to_user_id`, `body`, `created_at`) VALUES ('10', '76', '74', 'Inventore et at ut. Consectetur sunt rerum laboriosam porro. Dicta atque omnis ducimus.', '1989-01-26 10:41:39');
INSERT INTO `messages` (`id`, `from_user_id`, `to_user_id`, `body`, `created_at`) VALUES ('11', '8', '94', 'Pariatur similique et aut rerum dolor minus consequatur sint. Aut et reprehenderit nisi sint. Iure velit ut debitis omnis est alias voluptatem. Officia ipsam aperiam et.', '1991-05-11 18:24:05');
INSERT INTO `messages` (`id`, `from_user_id`, `to_user_id`, `body`, `created_at`) VALUES ('12', '3', '80', 'Occaecati sed illum sunt officiis eum. Ut aperiam porro adipisci tempore eius eveniet ut. Sapiente sed fugit sint expedita perspiciatis suscipit rerum. Nostrum porro eveniet dolores deserunt et pariatur iste.', '1988-02-07 03:46:44');
INSERT INTO `messages` (`id`, `from_user_id`, `to_user_id`, `body`, `created_at`) VALUES ('13', '85', '16', 'Et ut quia vel. Repudiandae atque cum vel voluptatem optio delectus aut. Incidunt incidunt reiciendis voluptates voluptas ut eius.', '2004-02-28 05:15:08');
INSERT INTO `messages` (`id`, `from_user_id`, `to_user_id`, `body`, `created_at`) VALUES ('14', '64', '88', 'Et id ex tempore sed officiis occaecati est dolorum. Qui est recusandae impedit est. Suscipit odio possimus et natus voluptatem est saepe error. Porro ex aspernatur soluta labore.', '1984-08-04 20:53:16');
INSERT INTO `messages` (`id`, `from_user_id`, `to_user_id`, `body`, `created_at`) VALUES ('15', '24', '52', 'Eos explicabo nemo consequatur consequatur aut. Dignissimos et voluptates quia voluptate quod accusamus.', '1977-09-04 21:07:31');
INSERT INTO `messages` (`id`, `from_user_id`, `to_user_id`, `body`, `created_at`) VALUES ('16', '73', '51', 'Sed voluptate veritatis aut qui. Commodi vitae odio nostrum magnam recusandae. Magnam vel nemo minus sit sint esse aut consequuntur.', '2016-01-15 01:22:02');
INSERT INTO `messages` (`id`, `from_user_id`, `to_user_id`, `body`, `created_at`) VALUES ('17', '71', '12', 'Eius dolorem mollitia enim sit. Eum tempore qui quia aut nesciunt. Nihil expedita perferendis quasi numquam. Quia vero cupiditate dolor et blanditiis at rerum.', '2019-08-11 12:34:12');
INSERT INTO `messages` (`id`, `from_user_id`, `to_user_id`, `body`, `created_at`) VALUES ('18', '66', '43', 'Eius ut assumenda omnis aut iure nulla harum. Minus blanditiis quas dignissimos error dolores non molestiae. Voluptas ea animi repellendus similique eligendi necessitatibus.', '2006-01-28 22:30:56');
INSERT INTO `messages` (`id`, `from_user_id`, `to_user_id`, `body`, `created_at`) VALUES ('19', '87', '5', 'Repudiandae at ullam molestiae et assumenda. Enim similique omnis dolorum. Voluptas est numquam et molestiae aut.', '1986-04-27 18:32:21');
INSERT INTO `messages` (`id`, `from_user_id`, `to_user_id`, `body`, `created_at`) VALUES ('20', '45', '37', 'Et rem in reprehenderit sunt distinctio est. Sapiente nihil dolor nesciunt natus. Velit rerum adipisci sint et consequatur beatae ut eum. Voluptatibus et facilis ducimus totam quasi perspiciatis repellat. Ut ea incidunt consequuntur consequatur delectus dolorum qui.', '2008-06-06 19:41:46');
INSERT INTO `messages` (`id`, `from_user_id`, `to_user_id`, `body`, `created_at`) VALUES ('21', '16', '45', 'Qui mollitia et eum ut dolore minima quos. Qui asperiores sunt repudiandae deleniti autem. Harum accusantium consectetur voluptatem deleniti.', '2016-06-16 04:14:12');
INSERT INTO `messages` (`id`, `from_user_id`, `to_user_id`, `body`, `created_at`) VALUES ('22', '53', '32', 'Saepe omnis architecto provident atque eos. Quis voluptas accusamus eius minima asperiores. Possimus ea voluptate repudiandae dolores et perspiciatis aliquam.', '1986-01-18 14:37:21');
INSERT INTO `messages` (`id`, `from_user_id`, `to_user_id`, `body`, `created_at`) VALUES ('23', '88', '99', 'Aut aliquam nostrum non eius repudiandae libero provident. Aut rerum atque dolor repellat. Quam ut iste ad itaque sapiente. Vero rem dicta consequuntur et.', '1996-12-12 06:57:56');
INSERT INTO `messages` (`id`, `from_user_id`, `to_user_id`, `body`, `created_at`) VALUES ('24', '62', '11', 'Et minus omnis minima corporis libero nihil. Quo nemo velit odit molestiae voluptatem totam.', '2004-07-28 06:25:50');
INSERT INTO `messages` (`id`, `from_user_id`, `to_user_id`, `body`, `created_at`) VALUES ('25', '63', '38', 'Sit laboriosam eos quibusdam in. Enim officiis non error voluptates quisquam. Provident impedit ut suscipit placeat sed provident. Earum aspernatur repellendus voluptas pariatur.', '1974-01-10 15:40:09');
INSERT INTO `messages` (`id`, `from_user_id`, `to_user_id`, `body`, `created_at`) VALUES ('26', '85', '70', 'Nihil porro quibusdam quidem odit. Perferendis cum eos quaerat assumenda rerum aliquam cupiditate. Quo quasi nam animi ab molestiae accusamus mollitia. Reprehenderit facere eos nobis voluptatibus vitae harum.', '1975-12-13 12:18:46');
INSERT INTO `messages` (`id`, `from_user_id`, `to_user_id`, `body`, `created_at`) VALUES ('27', '31', '87', 'Ut est architecto rerum rerum. Dolore reiciendis et est aut et quis quisquam. Impedit aut quam quo id. Sed eum nihil incidunt eos sit et. Sapiente modi exercitationem sunt perferendis.', '1984-08-06 15:21:11');
INSERT INTO `messages` (`id`, `from_user_id`, `to_user_id`, `body`, `created_at`) VALUES ('28', '50', '15', 'Dignissimos pariatur explicabo corporis unde. Quos perferendis repudiandae rerum facere magni consectetur. Hic omnis soluta in dolore nulla nostrum.', '1976-05-20 03:08:48');
INSERT INTO `messages` (`id`, `from_user_id`, `to_user_id`, `body`, `created_at`) VALUES ('29', '3', '14', 'Enim voluptatibus incidunt fugiat architecto. Quae ratione tempora minus consequatur. Repellendus sed repellendus velit enim ut illum.', '1992-09-12 19:37:09');
INSERT INTO `messages` (`id`, `from_user_id`, `to_user_id`, `body`, `created_at`) VALUES ('30', '3', '26', 'Molestiae voluptatem qui exercitationem autem ut corporis. Quas amet eveniet consectetur aliquid.', '2019-06-06 06:54:56');
INSERT INTO `messages` (`id`, `from_user_id`, `to_user_id`, `body`, `created_at`) VALUES ('31', '65', '75', 'Velit fuga enim adipisci dolor consectetur. Fugit sunt beatae quis sequi velit. Eum quia praesentium sit ab aliquam doloribus eum autem. Et aut itaque quo sed omnis repellat assumenda. Ex et repellendus laboriosam minus consequuntur.', '2005-07-09 02:40:02');
INSERT INTO `messages` (`id`, `from_user_id`, `to_user_id`, `body`, `created_at`) VALUES ('32', '77', '36', 'Et et optio sit distinctio. Deserunt explicabo sed numquam quibusdam. Qui sint cum impedit exercitationem. Omnis eos veniam vitae hic.', '1990-12-03 14:11:46');
INSERT INTO `messages` (`id`, `from_user_id`, `to_user_id`, `body`, `created_at`) VALUES ('33', '86', '43', 'Ut quo et et doloremque magnam. Reprehenderit nostrum ut qui commodi vero vero vero.', '1980-01-07 12:09:44');
INSERT INTO `messages` (`id`, `from_user_id`, `to_user_id`, `body`, `created_at`) VALUES ('34', '78', '73', 'Repellat quia vero minus illum asperiores. Quasi expedita molestiae voluptas et id doloribus necessitatibus. Laudantium autem ad nihil ut maxime laborum. Commodi earum corporis rerum autem placeat consequatur reprehenderit eligendi.', '1978-01-15 08:23:06');
INSERT INTO `messages` (`id`, `from_user_id`, `to_user_id`, `body`, `created_at`) VALUES ('35', '48', '22', 'Consequatur aliquid itaque quis in vel. Ab cumque sint magnam. Similique expedita et quo et quisquam.', '1996-12-12 21:19:38');
INSERT INTO `messages` (`id`, `from_user_id`, `to_user_id`, `body`, `created_at`) VALUES ('36', '10', '63', 'Nostrum vitae omnis suscipit aliquam. Necessitatibus nisi corrupti architecto qui magni similique voluptatem ipsum. Id beatae consequuntur facere totam dolores rerum. Et hic nam qui sunt.', '2005-12-25 12:51:17');
INSERT INTO `messages` (`id`, `from_user_id`, `to_user_id`, `body`, `created_at`) VALUES ('37', '67', '63', 'Et quis est maiores necessitatibus temporibus in enim. Quas fugit molestiae vero. Quaerat sunt omnis nobis eos fugiat voluptatibus nulla.', '2014-10-12 01:41:11');
INSERT INTO `messages` (`id`, `from_user_id`, `to_user_id`, `body`, `created_at`) VALUES ('38', '94', '54', 'Culpa eveniet recusandae necessitatibus eos et recusandae ea. Reprehenderit dolore alias reiciendis ut. Sunt neque recusandae deleniti consequatur exercitationem similique debitis. Sit tempora magni eum officiis quis iusto facilis.', '2014-05-17 19:18:10');
INSERT INTO `messages` (`id`, `from_user_id`, `to_user_id`, `body`, `created_at`) VALUES ('39', '61', '55', 'Aut voluptatem natus et. Molestiae quo labore minus voluptate consectetur corrupti. Consequuntur officiis enim iusto vero iusto odit. Et molestiae consectetur deserunt et quia et quibusdam. Animi deleniti provident et tempora dignissimos.', '2005-11-02 16:27:50');
INSERT INTO `messages` (`id`, `from_user_id`, `to_user_id`, `body`, `created_at`) VALUES ('40', '65', '23', 'Perferendis tenetur vel voluptates sequi suscipit eveniet non quod. Temporibus quae ducimus ut et. Voluptatum sed omnis veniam nostrum. Officia provident repellat hic hic quos. Voluptatum dolorum commodi quidem id tempora velit vero.', '1975-05-26 13:39:54');
INSERT INTO `messages` (`id`, `from_user_id`, `to_user_id`, `body`, `created_at`) VALUES ('41', '92', '49', 'Consequatur ipsum distinctio dolores. Repellat magnam veniam dolores est amet numquam. Error ex nostrum sed illum asperiores. Quia beatae eum sunt et sed voluptatem modi.', '1990-05-16 02:54:58');
INSERT INTO `messages` (`id`, `from_user_id`, `to_user_id`, `body`, `created_at`) VALUES ('42', '92', '23', 'In unde quae voluptatibus eaque fuga suscipit consectetur. Dolor sed voluptatem et adipisci minima nisi expedita. Rem id in similique similique.', '1995-06-22 04:48:22');
INSERT INTO `messages` (`id`, `from_user_id`, `to_user_id`, `body`, `created_at`) VALUES ('43', '36', '42', 'Iusto et officia qui qui qui. Sunt debitis et aperiam dolor nihil dolorem corrupti. Ea placeat soluta molestiae et assumenda.', '1976-07-18 16:03:47');
INSERT INTO `messages` (`id`, `from_user_id`, `to_user_id`, `body`, `created_at`) VALUES ('44', '37', '38', 'Accusamus eligendi eos dicta voluptates vel dolorum. Tempore dolorem nesciunt molestias ut vero omnis. Labore dolore odit voluptatibus.', '2020-11-21 09:58:35');
INSERT INTO `messages` (`id`, `from_user_id`, `to_user_id`, `body`, `created_at`) VALUES ('45', '55', '39', 'Qui occaecati cum occaecati rem praesentium. Saepe cum nobis voluptatem quod enim qui placeat. Deserunt facilis in voluptas illum est deserunt. Tempore nesciunt hic mollitia.', '2020-08-12 02:09:53');
INSERT INTO `messages` (`id`, `from_user_id`, `to_user_id`, `body`, `created_at`) VALUES ('46', '64', '19', 'Minima qui necessitatibus dolor excepturi est ipsam rem. Eum doloremque quo deserunt soluta illum quia occaecati. Magni asperiores qui quos sapiente nemo. Culpa totam ad vitae vel quia distinctio. Nam eos aut quisquam ab rerum dolor ratione.', '1991-01-03 20:05:06');
INSERT INTO `messages` (`id`, `from_user_id`, `to_user_id`, `body`, `created_at`) VALUES ('47', '14', '41', 'Tenetur aut aut vitae velit assumenda occaecati ipsam eveniet. Excepturi ea sed voluptatibus officia facere voluptate. Voluptatem veritatis optio eos quis itaque sed. Voluptatum facere qui atque vero labore et recusandae.', '1970-02-09 14:56:19');
INSERT INTO `messages` (`id`, `from_user_id`, `to_user_id`, `body`, `created_at`) VALUES ('48', '54', '99', 'Veniam aut veritatis autem ut quis voluptates quisquam. Ea saepe eaque sit quod in sed. Dolorem pariatur suscipit sunt molestias vitae laboriosam debitis.', '2004-12-04 00:41:55');
INSERT INTO `messages` (`id`, `from_user_id`, `to_user_id`, `body`, `created_at`) VALUES ('49', '83', '31', 'Iste itaque exercitationem voluptatem et. Consequuntur omnis officia enim voluptatibus quis. Voluptates quisquam veniam voluptatem blanditiis incidunt.', '1979-04-04 16:54:13');
INSERT INTO `messages` (`id`, `from_user_id`, `to_user_id`, `body`, `created_at`) VALUES ('50', '72', '31', 'Rem provident quasi architecto et est. Veniam aut fugiat explicabo alias. Maxime est sit quaerat sed provident rerum. Architecto maiores voluptatibus et sed. Illo nisi officiis est dolores officia mollitia veniam.', '1991-01-18 02:57:47');
INSERT INTO `messages` (`id`, `from_user_id`, `to_user_id`, `body`, `created_at`) VALUES ('51', '53', '82', 'Asperiores fugiat quos alias rerum ea et. Non aliquid earum illo est quis et pariatur. Consectetur ab natus voluptatem asperiores. Eos quae dolorem quibusdam aut delectus quae.', '1981-05-18 15:56:17');
INSERT INTO `messages` (`id`, `from_user_id`, `to_user_id`, `body`, `created_at`) VALUES ('52', '93', '19', 'Quis maiores ad earum quo. Laudantium vitae temporibus commodi temporibus. Non aliquid et consequuntur quo maxime adipisci quis. Voluptas voluptas vel iure libero.', '1986-10-13 22:06:26');
INSERT INTO `messages` (`id`, `from_user_id`, `to_user_id`, `body`, `created_at`) VALUES ('53', '44', '86', 'Quas est omnis iste beatae totam. Perspiciatis quas culpa quae. Temporibus repellat est qui ea aut corrupti dolores.', '1982-06-21 10:52:19');
INSERT INTO `messages` (`id`, `from_user_id`, `to_user_id`, `body`, `created_at`) VALUES ('54', '72', '4', 'Et aspernatur provident consequuntur non amet modi. Eveniet molestiae eum et necessitatibus exercitationem. Voluptates libero corporis dolor eaque nam vel enim ut.', '2007-12-23 00:48:52');
INSERT INTO `messages` (`id`, `from_user_id`, `to_user_id`, `body`, `created_at`) VALUES ('55', '41', '36', 'Aut rerum molestias omnis repellendus voluptatum tenetur reprehenderit. Qui voluptas quis nihil omnis rerum. Aspernatur autem eius quos sed rerum aperiam. Natus aut rerum aut ea ut aut.', '2017-12-20 23:49:21');
INSERT INTO `messages` (`id`, `from_user_id`, `to_user_id`, `body`, `created_at`) VALUES ('56', '26', '33', 'Debitis voluptas eum sapiente autem praesentium quae. Eveniet eum aliquid eum dolor.', '1976-05-23 04:20:09');
INSERT INTO `messages` (`id`, `from_user_id`, `to_user_id`, `body`, `created_at`) VALUES ('57', '85', '18', 'Aliquid et cumque nam blanditiis dicta non. Sed a quia qui numquam dolorem. Omnis rerum ducimus maxime.', '1991-06-10 21:50:21');
INSERT INTO `messages` (`id`, `from_user_id`, `to_user_id`, `body`, `created_at`) VALUES ('58', '55', '20', 'Minus occaecati et facilis voluptates. Quia rerum repellendus dolor.', '1981-06-14 15:49:21');
INSERT INTO `messages` (`id`, `from_user_id`, `to_user_id`, `body`, `created_at`) VALUES ('59', '59', '92', 'Rerum esse cum enim molestias. Qui eum tempore illum.', '1982-04-20 17:16:03');
INSERT INTO `messages` (`id`, `from_user_id`, `to_user_id`, `body`, `created_at`) VALUES ('60', '58', '13', 'Totam debitis enim officia aliquid aut eaque alias. Voluptas at et repellat natus pariatur eos. A sunt id molestiae hic et quia. Deserunt vel voluptas beatae et. Hic expedita rerum suscipit delectus qui eum.', '1986-05-24 12:57:53');
INSERT INTO `messages` (`id`, `from_user_id`, `to_user_id`, `body`, `created_at`) VALUES ('61', '30', '21', 'Nulla autem ratione molestias nulla ullam. Illum quas natus adipisci praesentium explicabo. Voluptatem et est similique sequi et nulla ut.', '2004-06-29 02:11:33');
INSERT INTO `messages` (`id`, `from_user_id`, `to_user_id`, `body`, `created_at`) VALUES ('62', '32', '43', 'Et quisquam explicabo reiciendis tempore ipsum. Et eos distinctio minus quia. Alias illo rerum autem ut ab commodi sit voluptas.', '2002-03-01 05:21:55');
INSERT INTO `messages` (`id`, `from_user_id`, `to_user_id`, `body`, `created_at`) VALUES ('63', '62', '85', 'Illum soluta eos non esse inventore aut est. Consectetur voluptatibus blanditiis neque praesentium. Vel ut sed est voluptas quo ullam tempore consequatur.', '1974-07-25 15:20:00');
INSERT INTO `messages` (`id`, `from_user_id`, `to_user_id`, `body`, `created_at`) VALUES ('64', '42', '45', 'Enim aspernatur beatae voluptatem. Aperiam tempora itaque molestias ab quis. Voluptatem eaque consectetur numquam in aliquid minus amet.', '1997-07-14 21:13:06');
INSERT INTO `messages` (`id`, `from_user_id`, `to_user_id`, `body`, `created_at`) VALUES ('65', '15', '14', 'Consequuntur consequatur quam quaerat dicta. Voluptate sit aspernatur voluptates laborum et et aut. Hic magni sed cum quis natus fugit. Asperiores atque et aliquam labore porro vitae.', '1996-12-11 12:16:05');
INSERT INTO `messages` (`id`, `from_user_id`, `to_user_id`, `body`, `created_at`) VALUES ('66', '75', '68', 'Ratione mollitia earum facilis in. Autem ut aliquid consequatur. Autem laudantium eveniet ut ut omnis.', '1994-12-01 07:47:00');
INSERT INTO `messages` (`id`, `from_user_id`, `to_user_id`, `body`, `created_at`) VALUES ('67', '95', '68', 'Necessitatibus id rem officiis voluptatem fugiat modi magnam. Error nostrum repudiandae nisi numquam et quis. Beatae commodi iste corporis impedit qui delectus. Rerum maxime non soluta saepe placeat.', '1993-06-12 22:40:02');
INSERT INTO `messages` (`id`, `from_user_id`, `to_user_id`, `body`, `created_at`) VALUES ('68', '86', '38', 'Consequatur amet et maxime voluptate. Non ut culpa inventore animi repellendus sit. Eos est asperiores quia non molestias tenetur. Rem consequatur qui soluta veniam vitae aliquam debitis voluptatem.', '1991-05-31 03:57:19');
INSERT INTO `messages` (`id`, `from_user_id`, `to_user_id`, `body`, `created_at`) VALUES ('69', '53', '57', 'Dolorum sequi autem sunt aut itaque. Quibusdam expedita dolorum quam dolor voluptatem pariatur. Quisquam doloribus optio dolore corporis suscipit. Dolorem a omnis dolores maiores repellendus illo omnis.', '1975-01-21 12:58:59');
INSERT INTO `messages` (`id`, `from_user_id`, `to_user_id`, `body`, `created_at`) VALUES ('70', '42', '94', 'At deserunt voluptas nemo impedit nobis a. Blanditiis fuga suscipit id natus est. Est repudiandae aut fuga pariatur non.', '1982-03-17 04:57:01');
INSERT INTO `messages` (`id`, `from_user_id`, `to_user_id`, `body`, `created_at`) VALUES ('71', '93', '67', 'Beatae asperiores porro quia ducimus iusto. Placeat veritatis sit nihil iure cum nam. Ipsum et consectetur dolor blanditiis. Reiciendis quia delectus mollitia rerum sed qui. Voluptatem dolore ullam tempora dolore quia qui.', '1970-01-24 09:53:22');
INSERT INTO `messages` (`id`, `from_user_id`, `to_user_id`, `body`, `created_at`) VALUES ('72', '27', '77', 'Et illum in et et repellat quo et. Suscipit nihil accusamus animi animi. Odio possimus magnam aut et in natus mollitia commodi.', '2001-05-04 12:07:47');
INSERT INTO `messages` (`id`, `from_user_id`, `to_user_id`, `body`, `created_at`) VALUES ('73', '85', '82', 'Aut dolore rerum veritatis deleniti et. Voluptatem deleniti tempora sunt. Debitis et officiis animi est possimus in doloribus. Facere vel ut nihil non quisquam repellendus ea.', '1996-02-03 19:09:44');
INSERT INTO `messages` (`id`, `from_user_id`, `to_user_id`, `body`, `created_at`) VALUES ('74', '97', '43', 'Eius et laborum ut est rerum vero est. Suscipit pariatur qui placeat sapiente aspernatur. Provident non minima doloribus numquam.', '2016-11-03 10:34:15');
INSERT INTO `messages` (`id`, `from_user_id`, `to_user_id`, `body`, `created_at`) VALUES ('75', '73', '54', 'Modi quos debitis doloribus saepe numquam. Est perferendis vero qui recusandae delectus dolores. Culpa voluptates temporibus sed inventore itaque.', '1970-06-27 14:41:08');
INSERT INTO `messages` (`id`, `from_user_id`, `to_user_id`, `body`, `created_at`) VALUES ('76', '56', '2', 'Voluptatibus est ipsa cupiditate molestiae. Commodi voluptas omnis ut est vel laboriosam voluptatum. Est nihil deleniti et consectetur voluptatem culpa explicabo expedita. Suscipit consequatur corporis laborum doloribus magni nihil laborum.', '1975-08-01 12:45:48');
INSERT INTO `messages` (`id`, `from_user_id`, `to_user_id`, `body`, `created_at`) VALUES ('77', '75', '87', 'Quis corporis harum est minus impedit autem. Sit aut et sint nemo sed laborum beatae odio.', '2004-03-23 16:01:01');
INSERT INTO `messages` (`id`, `from_user_id`, `to_user_id`, `body`, `created_at`) VALUES ('78', '44', '36', 'Dolorem molestiae non repellat beatae iusto reiciendis. Dolor tempore est unde velit doloremque. Dolores quo omnis perferendis optio.', '2005-12-21 14:43:49');
INSERT INTO `messages` (`id`, `from_user_id`, `to_user_id`, `body`, `created_at`) VALUES ('79', '72', '86', 'Rerum assumenda quaerat architecto nihil in. Corporis quo facere aliquam eos dicta. Impedit omnis et totam perspiciatis. Voluptate sed et voluptas voluptatum delectus quia.', '2021-09-11 17:00:59');
INSERT INTO `messages` (`id`, `from_user_id`, `to_user_id`, `body`, `created_at`) VALUES ('80', '81', '87', 'Velit voluptas quae repellendus sed et velit sint ratione. Labore dolorum perferendis culpa maiores culpa. Rerum aut modi in esse vel. Dignissimos ut aliquam soluta tempore modi id.', '1984-03-24 20:00:26');
INSERT INTO `messages` (`id`, `from_user_id`, `to_user_id`, `body`, `created_at`) VALUES ('81', '99', '55', 'Beatae architecto aut iusto qui. Soluta unde et non nemo consequatur fuga officia sint. Aut porro earum est velit rem fugiat ad.', '2014-08-30 17:53:22');
INSERT INTO `messages` (`id`, `from_user_id`, `to_user_id`, `body`, `created_at`) VALUES ('82', '54', '93', 'Ut laborum natus laudantium porro. Recusandae veniam veritatis voluptatibus aut asperiores eos repellat. Illo est atque possimus aspernatur vel.', '2013-05-09 18:05:50');
INSERT INTO `messages` (`id`, `from_user_id`, `to_user_id`, `body`, `created_at`) VALUES ('83', '22', '39', 'Voluptatibus consectetur facere minima nam suscipit quisquam. Esse numquam quaerat doloremque nobis aut quidem occaecati. Id exercitationem qui eum perferendis quia. Dolor sit aut et repudiandae enim hic excepturi.', '1980-02-12 21:28:52');
INSERT INTO `messages` (`id`, `from_user_id`, `to_user_id`, `body`, `created_at`) VALUES ('84', '31', '75', 'Dicta quibusdam et ut qui rerum esse. Earum voluptas molestiae temporibus. Voluptas qui est modi laboriosam aut voluptas. Incidunt sunt delectus quidem porro.', '1989-10-06 03:08:29');
INSERT INTO `messages` (`id`, `from_user_id`, `to_user_id`, `body`, `created_at`) VALUES ('85', '96', '72', 'Officiis earum et aspernatur et optio temporibus iste. Architecto iste non deserunt cum aliquid. Enim consequatur quidem veniam voluptatem neque et excepturi. Ut iure nulla et est voluptas dolorum fugit.', '2007-08-08 21:13:57');
INSERT INTO `messages` (`id`, `from_user_id`, `to_user_id`, `body`, `created_at`) VALUES ('86', '69', '89', 'Quo at repudiandae ad voluptatibus. Vel doloremque recusandae ea quo qui non ex. Qui repellendus quisquam ut enim maxime id. Qui laboriosam illo voluptatem quam.', '1981-11-14 06:47:21');
INSERT INTO `messages` (`id`, `from_user_id`, `to_user_id`, `body`, `created_at`) VALUES ('87', '39', '95', 'Quo molestiae vel dolor quia aspernatur labore mollitia. Modi at qui cum ut quisquam aliquid. Et id ipsam optio sint vitae.', '2020-07-30 11:52:36');
INSERT INTO `messages` (`id`, `from_user_id`, `to_user_id`, `body`, `created_at`) VALUES ('88', '65', '23', 'Rerum porro rem pariatur necessitatibus vel qui ea. Nihil nisi quidem nihil incidunt velit ab. Mollitia quia distinctio doloremque autem aut voluptatem omnis doloribus. Aperiam enim voluptate itaque aspernatur facilis quo.', '2005-10-07 10:44:56');
INSERT INTO `messages` (`id`, `from_user_id`, `to_user_id`, `body`, `created_at`) VALUES ('89', '76', '61', 'Placeat quaerat sint cupiditate aut. Deleniti accusantium mollitia et ut et ut. Dolor sapiente nisi rerum ratione deleniti labore aut aut.', '1992-06-03 09:23:23');
INSERT INTO `messages` (`id`, `from_user_id`, `to_user_id`, `body`, `created_at`) VALUES ('90', '66', '48', 'Cupiditate consectetur eveniet provident dolorem dolor. Deserunt et consequatur accusamus debitis ea aut. Ab ipsa sed qui asperiores odit.', '2010-01-10 11:13:06');
INSERT INTO `messages` (`id`, `from_user_id`, `to_user_id`, `body`, `created_at`) VALUES ('91', '15', '22', 'Officia dolores velit deserunt est iure reiciendis et. Commodi labore unde reprehenderit cum. Delectus animi nam molestiae aut quod quae omnis et.', '2018-09-27 11:35:00');
INSERT INTO `messages` (`id`, `from_user_id`, `to_user_id`, `body`, `created_at`) VALUES ('92', '50', '89', 'Rerum occaecati odit dolores modi. Repellat debitis nemo et deleniti. Cupiditate excepturi id quis excepturi. Quidem illum fugiat ratione.', '2022-04-05 11:38:26');
INSERT INTO `messages` (`id`, `from_user_id`, `to_user_id`, `body`, `created_at`) VALUES ('93', '8', '93', 'Sed rerum necessitatibus sit officiis. Veritatis omnis et nesciunt optio dolorem. Nostrum voluptas labore veritatis officia voluptatibus suscipit enim.', '2008-11-30 02:31:53');
INSERT INTO `messages` (`id`, `from_user_id`, `to_user_id`, `body`, `created_at`) VALUES ('94', '25', '80', 'Et aperiam quo quos architecto. Ut qui perspiciatis nesciunt asperiores sint quasi culpa. Sed et neque omnis id ex deserunt hic placeat. Pariatur incidunt quam vel omnis voluptatem sit. Autem nemo consequatur accusantium qui.', '2014-01-05 03:38:52');
INSERT INTO `messages` (`id`, `from_user_id`, `to_user_id`, `body`, `created_at`) VALUES ('95', '79', '5', 'Perferendis fugit quae fuga numquam et. Ab porro deserunt quo. Quod iste commodi autem ullam reiciendis. Aut iste qui accusamus aut aut modi.', '1981-04-04 01:06:58');
INSERT INTO `messages` (`id`, `from_user_id`, `to_user_id`, `body`, `created_at`) VALUES ('96', '66', '77', 'Quia excepturi provident dolores et. Accusantium consectetur doloribus qui voluptas rerum aut eos. Et ex officia aspernatur.', '1995-04-01 08:51:19');
INSERT INTO `messages` (`id`, `from_user_id`, `to_user_id`, `body`, `created_at`) VALUES ('97', '60', '19', 'Aspernatur porro voluptatem sunt delectus voluptas. Ex eum aut voluptatem corrupti. Est voluptatem corporis sequi pariatur voluptate. Exercitationem magni provident harum omnis minus vitae possimus.', '1993-06-20 19:09:43');
INSERT INTO `messages` (`id`, `from_user_id`, `to_user_id`, `body`, `created_at`) VALUES ('98', '70', '81', 'Totam dicta nihil eius molestiae ducimus exercitationem. Quia officiis fugiat veritatis quia et sit enim voluptas. Dolores architecto delectus ex maiores quod eveniet.', '1988-05-22 01:51:39');
INSERT INTO `messages` (`id`, `from_user_id`, `to_user_id`, `body`, `created_at`) VALUES ('99', '58', '100', 'Inventore adipisci sit laborum alias animi praesentium possimus. Illum voluptates sunt consectetur et. Consequatur nihil distinctio incidunt ducimus eum autem.', '1997-02-10 02:25:44');
INSERT INTO `messages` (`id`, `from_user_id`, `to_user_id`, `body`, `created_at`) VALUES ('100', '56', '53', 'Sunt maiores possimus amet. Eum consequuntur iste aut labore temporibus dolorem ullam consequuntur. Aut dolorem fugit adipisci sed voluptate non.', '1980-07-23 02:23:28');


#
# TABLE STRUCTURE FOR: photo_albums
#

DROP TABLE IF EXISTS `photo_albums`;

CREATE TABLE `photo_albums` (
  `id` bigint(20) unsigned NOT NULL AUTO_INCREMENT,
  `name` varchar(255) COLLATE utf8mb4_unicode_ci DEFAULT NULL,
  `user_id` bigint(20) unsigned DEFAULT NULL,
  PRIMARY KEY (`id`),
  UNIQUE KEY `id` (`id`),
  KEY `user_id` (`user_id`),
  CONSTRAINT `photo_albums_ibfk_1` FOREIGN KEY (`user_id`) REFERENCES `users` (`id`) ON DELETE SET NULL ON UPDATE CASCADE
) ENGINE=InnoDB AUTO_INCREMENT=101 DEFAULT CHARSET=utf8mb4 COLLATE=utf8mb4_unicode_ci;

INSERT INTO `photo_albums` (`id`, `name`, `user_id`) VALUES ('1', 'ut', '84');
INSERT INTO `photo_albums` (`id`, `name`, `user_id`) VALUES ('2', 'alias', '1');
INSERT INTO `photo_albums` (`id`, `name`, `user_id`) VALUES ('3', 'incidunt', '34');
INSERT INTO `photo_albums` (`id`, `name`, `user_id`) VALUES ('4', 'qui', '67');
INSERT INTO `photo_albums` (`id`, `name`, `user_id`) VALUES ('5', 'autem', '73');
INSERT INTO `photo_albums` (`id`, `name`, `user_id`) VALUES ('6', 'et', '67');
INSERT INTO `photo_albums` (`id`, `name`, `user_id`) VALUES ('7', 'corporis', '26');
INSERT INTO `photo_albums` (`id`, `name`, `user_id`) VALUES ('8', 'aut', '78');
INSERT INTO `photo_albums` (`id`, `name`, `user_id`) VALUES ('9', 'officia', '26');
INSERT INTO `photo_albums` (`id`, `name`, `user_id`) VALUES ('10', 'rem', '93');
INSERT INTO `photo_albums` (`id`, `name`, `user_id`) VALUES ('11', 'iure', '34');
INSERT INTO `photo_albums` (`id`, `name`, `user_id`) VALUES ('12', 'est', '3');
INSERT INTO `photo_albums` (`id`, `name`, `user_id`) VALUES ('13', 'ea', '87');
INSERT INTO `photo_albums` (`id`, `name`, `user_id`) VALUES ('14', 'perspiciatis', '18');
INSERT INTO `photo_albums` (`id`, `name`, `user_id`) VALUES ('15', 'ut', '52');
INSERT INTO `photo_albums` (`id`, `name`, `user_id`) VALUES ('16', 'natus', '12');
INSERT INTO `photo_albums` (`id`, `name`, `user_id`) VALUES ('17', 'est', '76');
INSERT INTO `photo_albums` (`id`, `name`, `user_id`) VALUES ('18', 'nulla', '35');
INSERT INTO `photo_albums` (`id`, `name`, `user_id`) VALUES ('19', 'unde', '53');
INSERT INTO `photo_albums` (`id`, `name`, `user_id`) VALUES ('20', 'sunt', '79');
INSERT INTO `photo_albums` (`id`, `name`, `user_id`) VALUES ('21', 'incidunt', '99');
INSERT INTO `photo_albums` (`id`, `name`, `user_id`) VALUES ('22', 'est', '96');
INSERT INTO `photo_albums` (`id`, `name`, `user_id`) VALUES ('23', 'sed', '54');
INSERT INTO `photo_albums` (`id`, `name`, `user_id`) VALUES ('24', 'fuga', '8');
INSERT INTO `photo_albums` (`id`, `name`, `user_id`) VALUES ('25', 'animi', '42');
INSERT INTO `photo_albums` (`id`, `name`, `user_id`) VALUES ('26', 'explicabo', '55');
INSERT INTO `photo_albums` (`id`, `name`, `user_id`) VALUES ('27', 'consequatur', '39');
INSERT INTO `photo_albums` (`id`, `name`, `user_id`) VALUES ('28', 'quia', '48');
INSERT INTO `photo_albums` (`id`, `name`, `user_id`) VALUES ('29', 'tempora', '22');
INSERT INTO `photo_albums` (`id`, `name`, `user_id`) VALUES ('30', 'dolor', '96');
INSERT INTO `photo_albums` (`id`, `name`, `user_id`) VALUES ('31', 'nobis', '58');
INSERT INTO `photo_albums` (`id`, `name`, `user_id`) VALUES ('32', 'ut', '5');
INSERT INTO `photo_albums` (`id`, `name`, `user_id`) VALUES ('33', 'ratione', '97');
INSERT INTO `photo_albums` (`id`, `name`, `user_id`) VALUES ('34', 'explicabo', '92');
INSERT INTO `photo_albums` (`id`, `name`, `user_id`) VALUES ('35', 'necessitatibus', '72');
INSERT INTO `photo_albums` (`id`, `name`, `user_id`) VALUES ('36', 'illo', '69');
INSERT INTO `photo_albums` (`id`, `name`, `user_id`) VALUES ('37', 'rerum', '58');
INSERT INTO `photo_albums` (`id`, `name`, `user_id`) VALUES ('38', 'illo', '97');
INSERT INTO `photo_albums` (`id`, `name`, `user_id`) VALUES ('39', 'placeat', '47');
INSERT INTO `photo_albums` (`id`, `name`, `user_id`) VALUES ('40', 'optio', '84');
INSERT INTO `photo_albums` (`id`, `name`, `user_id`) VALUES ('41', 'repellendus', '90');
INSERT INTO `photo_albums` (`id`, `name`, `user_id`) VALUES ('42', 'sit', '81');
INSERT INTO `photo_albums` (`id`, `name`, `user_id`) VALUES ('43', 'hic', '87');
INSERT INTO `photo_albums` (`id`, `name`, `user_id`) VALUES ('44', 'rerum', '76');
INSERT INTO `photo_albums` (`id`, `name`, `user_id`) VALUES ('45', 'quod', '98');
INSERT INTO `photo_albums` (`id`, `name`, `user_id`) VALUES ('46', 'voluptatem', '39');
INSERT INTO `photo_albums` (`id`, `name`, `user_id`) VALUES ('47', 'qui', '88');
INSERT INTO `photo_albums` (`id`, `name`, `user_id`) VALUES ('48', 'doloribus', '74');
INSERT INTO `photo_albums` (`id`, `name`, `user_id`) VALUES ('49', 'voluptatem', '74');
INSERT INTO `photo_albums` (`id`, `name`, `user_id`) VALUES ('50', 'error', '41');
INSERT INTO `photo_albums` (`id`, `name`, `user_id`) VALUES ('51', 'vitae', '53');
INSERT INTO `photo_albums` (`id`, `name`, `user_id`) VALUES ('52', 'ut', '72');
INSERT INTO `photo_albums` (`id`, `name`, `user_id`) VALUES ('53', 'repudiandae', '36');
INSERT INTO `photo_albums` (`id`, `name`, `user_id`) VALUES ('54', 'ducimus', '6');
INSERT INTO `photo_albums` (`id`, `name`, `user_id`) VALUES ('55', 'cupiditate', '80');
INSERT INTO `photo_albums` (`id`, `name`, `user_id`) VALUES ('56', 'est', '77');
INSERT INTO `photo_albums` (`id`, `name`, `user_id`) VALUES ('57', 'doloremque', '60');
INSERT INTO `photo_albums` (`id`, `name`, `user_id`) VALUES ('58', 'harum', '18');
INSERT INTO `photo_albums` (`id`, `name`, `user_id`) VALUES ('59', 'mollitia', '25');
INSERT INTO `photo_albums` (`id`, `name`, `user_id`) VALUES ('60', 'repellendus', '81');
INSERT INTO `photo_albums` (`id`, `name`, `user_id`) VALUES ('61', 'est', '13');
INSERT INTO `photo_albums` (`id`, `name`, `user_id`) VALUES ('62', 'tempore', '83');
INSERT INTO `photo_albums` (`id`, `name`, `user_id`) VALUES ('63', 'veritatis', '86');
INSERT INTO `photo_albums` (`id`, `name`, `user_id`) VALUES ('64', 'enim', '10');
INSERT INTO `photo_albums` (`id`, `name`, `user_id`) VALUES ('65', 'est', '74');
INSERT INTO `photo_albums` (`id`, `name`, `user_id`) VALUES ('66', 'officia', '57');
INSERT INTO `photo_albums` (`id`, `name`, `user_id`) VALUES ('67', 'ut', '79');
INSERT INTO `photo_albums` (`id`, `name`, `user_id`) VALUES ('68', 'quia', '32');
INSERT INTO `photo_albums` (`id`, `name`, `user_id`) VALUES ('69', 'molestiae', '54');
INSERT INTO `photo_albums` (`id`, `name`, `user_id`) VALUES ('70', 'sapiente', '25');
INSERT INTO `photo_albums` (`id`, `name`, `user_id`) VALUES ('71', 'ut', '16');
INSERT INTO `photo_albums` (`id`, `name`, `user_id`) VALUES ('72', 'quia', '43');
INSERT INTO `photo_albums` (`id`, `name`, `user_id`) VALUES ('73', 'consequatur', '6');
INSERT INTO `photo_albums` (`id`, `name`, `user_id`) VALUES ('74', 'quas', '3');
INSERT INTO `photo_albums` (`id`, `name`, `user_id`) VALUES ('75', 'nihil', '19');
INSERT INTO `photo_albums` (`id`, `name`, `user_id`) VALUES ('76', 'rem', '3');
INSERT INTO `photo_albums` (`id`, `name`, `user_id`) VALUES ('77', 'omnis', '41');
INSERT INTO `photo_albums` (`id`, `name`, `user_id`) VALUES ('78', 'quibusdam', '6');
INSERT INTO `photo_albums` (`id`, `name`, `user_id`) VALUES ('79', 'quia', '77');
INSERT INTO `photo_albums` (`id`, `name`, `user_id`) VALUES ('80', 'veritatis', '14');
INSERT INTO `photo_albums` (`id`, `name`, `user_id`) VALUES ('81', 'cumque', '46');
INSERT INTO `photo_albums` (`id`, `name`, `user_id`) VALUES ('82', 'qui', '29');
INSERT INTO `photo_albums` (`id`, `name`, `user_id`) VALUES ('83', 'vel', '86');
INSERT INTO `photo_albums` (`id`, `name`, `user_id`) VALUES ('84', 'harum', '82');
INSERT INTO `photo_albums` (`id`, `name`, `user_id`) VALUES ('85', 'sapiente', '34');
INSERT INTO `photo_albums` (`id`, `name`, `user_id`) VALUES ('86', 'ab', '65');
INSERT INTO `photo_albums` (`id`, `name`, `user_id`) VALUES ('87', 'repellat', '59');
INSERT INTO `photo_albums` (`id`, `name`, `user_id`) VALUES ('88', 'quia', '93');
INSERT INTO `photo_albums` (`id`, `name`, `user_id`) VALUES ('89', 'reprehenderit', '83');
INSERT INTO `photo_albums` (`id`, `name`, `user_id`) VALUES ('90', 'consectetur', '83');
INSERT INTO `photo_albums` (`id`, `name`, `user_id`) VALUES ('91', 'expedita', '74');
INSERT INTO `photo_albums` (`id`, `name`, `user_id`) VALUES ('92', 'porro', '96');
INSERT INTO `photo_albums` (`id`, `name`, `user_id`) VALUES ('93', 'ut', '65');
INSERT INTO `photo_albums` (`id`, `name`, `user_id`) VALUES ('94', 'consectetur', '59');
INSERT INTO `photo_albums` (`id`, `name`, `user_id`) VALUES ('95', 'et', '5');
INSERT INTO `photo_albums` (`id`, `name`, `user_id`) VALUES ('96', 'animi', '39');
INSERT INTO `photo_albums` (`id`, `name`, `user_id`) VALUES ('97', 'qui', '16');
INSERT INTO `photo_albums` (`id`, `name`, `user_id`) VALUES ('98', 'accusamus', '83');
INSERT INTO `photo_albums` (`id`, `name`, `user_id`) VALUES ('99', 'dolor', '71');
INSERT INTO `photo_albums` (`id`, `name`, `user_id`) VALUES ('100', 'quidem', '69');


#
# TABLE STRUCTURE FOR: photos
#

DROP TABLE IF EXISTS `photos`;

CREATE TABLE `photos` (
  `id` bigint(20) unsigned NOT NULL AUTO_INCREMENT,
  `album_id` bigint(20) unsigned NOT NULL,
  `media_id` bigint(20) unsigned NOT NULL,
  PRIMARY KEY (`id`),
  KEY `album_id` (`album_id`),
  KEY `media_id` (`media_id`),
  CONSTRAINT `photos_ibfk_1` FOREIGN KEY (`album_id`) REFERENCES `photo_albums` (`id`) ON DELETE CASCADE ON UPDATE CASCADE,
  CONSTRAINT `photos_ibfk_2` FOREIGN KEY (`media_id`) REFERENCES `media` (`id`) ON DELETE CASCADE ON UPDATE CASCADE
) ENGINE=InnoDB AUTO_INCREMENT=101 DEFAULT CHARSET=utf8mb4 COLLATE=utf8mb4_unicode_ci;

INSERT INTO `photos` (`id`, `album_id`, `media_id`) VALUES ('1', '80', '1');
INSERT INTO `photos` (`id`, `album_id`, `media_id`) VALUES ('2', '98', '2');
INSERT INTO `photos` (`id`, `album_id`, `media_id`) VALUES ('3', '16', '3');
INSERT INTO `photos` (`id`, `album_id`, `media_id`) VALUES ('4', '92', '4');
INSERT INTO `photos` (`id`, `album_id`, `media_id`) VALUES ('5', '62', '5');
INSERT INTO `photos` (`id`, `album_id`, `media_id`) VALUES ('6', '29', '6');
INSERT INTO `photos` (`id`, `album_id`, `media_id`) VALUES ('7', '39', '7');
INSERT INTO `photos` (`id`, `album_id`, `media_id`) VALUES ('8', '25', '8');
INSERT INTO `photos` (`id`, `album_id`, `media_id`) VALUES ('9', '77', '9');
INSERT INTO `photos` (`id`, `album_id`, `media_id`) VALUES ('10', '92', '10');
INSERT INTO `photos` (`id`, `album_id`, `media_id`) VALUES ('11', '7', '11');
INSERT INTO `photos` (`id`, `album_id`, `media_id`) VALUES ('12', '7', '12');
INSERT INTO `photos` (`id`, `album_id`, `media_id`) VALUES ('13', '96', '13');
INSERT INTO `photos` (`id`, `album_id`, `media_id`) VALUES ('14', '39', '14');
INSERT INTO `photos` (`id`, `album_id`, `media_id`) VALUES ('15', '74', '15');
INSERT INTO `photos` (`id`, `album_id`, `media_id`) VALUES ('16', '9', '16');
INSERT INTO `photos` (`id`, `album_id`, `media_id`) VALUES ('17', '46', '17');
INSERT INTO `photos` (`id`, `album_id`, `media_id`) VALUES ('18', '88', '18');
INSERT INTO `photos` (`id`, `album_id`, `media_id`) VALUES ('19', '71', '19');
INSERT INTO `photos` (`id`, `album_id`, `media_id`) VALUES ('20', '31', '20');
INSERT INTO `photos` (`id`, `album_id`, `media_id`) VALUES ('21', '45', '21');
INSERT INTO `photos` (`id`, `album_id`, `media_id`) VALUES ('22', '49', '22');
INSERT INTO `photos` (`id`, `album_id`, `media_id`) VALUES ('23', '56', '23');
INSERT INTO `photos` (`id`, `album_id`, `media_id`) VALUES ('24', '76', '24');
INSERT INTO `photos` (`id`, `album_id`, `media_id`) VALUES ('25', '41', '25');
INSERT INTO `photos` (`id`, `album_id`, `media_id`) VALUES ('26', '8', '26');
INSERT INTO `photos` (`id`, `album_id`, `media_id`) VALUES ('27', '53', '27');
INSERT INTO `photos` (`id`, `album_id`, `media_id`) VALUES ('28', '45', '28');
INSERT INTO `photos` (`id`, `album_id`, `media_id`) VALUES ('29', '45', '29');
INSERT INTO `photos` (`id`, `album_id`, `media_id`) VALUES ('30', '6', '30');
INSERT INTO `photos` (`id`, `album_id`, `media_id`) VALUES ('31', '25', '31');
INSERT INTO `photos` (`id`, `album_id`, `media_id`) VALUES ('32', '25', '32');
INSERT INTO `photos` (`id`, `album_id`, `media_id`) VALUES ('33', '3', '33');
INSERT INTO `photos` (`id`, `album_id`, `media_id`) VALUES ('34', '40', '34');
INSERT INTO `photos` (`id`, `album_id`, `media_id`) VALUES ('35', '17', '35');
INSERT INTO `photos` (`id`, `album_id`, `media_id`) VALUES ('36', '64', '36');
INSERT INTO `photos` (`id`, `album_id`, `media_id`) VALUES ('37', '69', '37');
INSERT INTO `photos` (`id`, `album_id`, `media_id`) VALUES ('38', '55', '38');
INSERT INTO `photos` (`id`, `album_id`, `media_id`) VALUES ('39', '88', '39');
INSERT INTO `photos` (`id`, `album_id`, `media_id`) VALUES ('40', '46', '40');
INSERT INTO `photos` (`id`, `album_id`, `media_id`) VALUES ('41', '46', '41');
INSERT INTO `photos` (`id`, `album_id`, `media_id`) VALUES ('42', '94', '42');
INSERT INTO `photos` (`id`, `album_id`, `media_id`) VALUES ('43', '52', '43');
INSERT INTO `photos` (`id`, `album_id`, `media_id`) VALUES ('44', '42', '44');
INSERT INTO `photos` (`id`, `album_id`, `media_id`) VALUES ('45', '33', '45');
INSERT INTO `photos` (`id`, `album_id`, `media_id`) VALUES ('46', '26', '46');
INSERT INTO `photos` (`id`, `album_id`, `media_id`) VALUES ('47', '50', '47');
INSERT INTO `photos` (`id`, `album_id`, `media_id`) VALUES ('48', '79', '48');
INSERT INTO `photos` (`id`, `album_id`, `media_id`) VALUES ('49', '13', '49');
INSERT INTO `photos` (`id`, `album_id`, `media_id`) VALUES ('50', '21', '50');
INSERT INTO `photos` (`id`, `album_id`, `media_id`) VALUES ('51', '10', '51');
INSERT INTO `photos` (`id`, `album_id`, `media_id`) VALUES ('52', '58', '52');
INSERT INTO `photos` (`id`, `album_id`, `media_id`) VALUES ('53', '70', '53');
INSERT INTO `photos` (`id`, `album_id`, `media_id`) VALUES ('54', '66', '54');
INSERT INTO `photos` (`id`, `album_id`, `media_id`) VALUES ('55', '33', '55');
INSERT INTO `photos` (`id`, `album_id`, `media_id`) VALUES ('56', '10', '56');
INSERT INTO `photos` (`id`, `album_id`, `media_id`) VALUES ('57', '73', '57');
INSERT INTO `photos` (`id`, `album_id`, `media_id`) VALUES ('58', '85', '58');
INSERT INTO `photos` (`id`, `album_id`, `media_id`) VALUES ('59', '55', '59');
INSERT INTO `photos` (`id`, `album_id`, `media_id`) VALUES ('60', '18', '60');
INSERT INTO `photos` (`id`, `album_id`, `media_id`) VALUES ('61', '90', '61');
INSERT INTO `photos` (`id`, `album_id`, `media_id`) VALUES ('62', '79', '62');
INSERT INTO `photos` (`id`, `album_id`, `media_id`) VALUES ('63', '43', '63');
INSERT INTO `photos` (`id`, `album_id`, `media_id`) VALUES ('64', '93', '64');
INSERT INTO `photos` (`id`, `album_id`, `media_id`) VALUES ('65', '19', '65');
INSERT INTO `photos` (`id`, `album_id`, `media_id`) VALUES ('66', '60', '66');
INSERT INTO `photos` (`id`, `album_id`, `media_id`) VALUES ('67', '56', '67');
INSERT INTO `photos` (`id`, `album_id`, `media_id`) VALUES ('68', '88', '68');
INSERT INTO `photos` (`id`, `album_id`, `media_id`) VALUES ('69', '14', '69');
INSERT INTO `photos` (`id`, `album_id`, `media_id`) VALUES ('70', '44', '70');
INSERT INTO `photos` (`id`, `album_id`, `media_id`) VALUES ('71', '33', '71');
INSERT INTO `photos` (`id`, `album_id`, `media_id`) VALUES ('72', '60', '72');
INSERT INTO `photos` (`id`, `album_id`, `media_id`) VALUES ('73', '38', '73');
INSERT INTO `photos` (`id`, `album_id`, `media_id`) VALUES ('74', '84', '74');
INSERT INTO `photos` (`id`, `album_id`, `media_id`) VALUES ('75', '1', '75');
INSERT INTO `photos` (`id`, `album_id`, `media_id`) VALUES ('76', '71', '76');
INSERT INTO `photos` (`id`, `album_id`, `media_id`) VALUES ('77', '10', '77');
INSERT INTO `photos` (`id`, `album_id`, `media_id`) VALUES ('78', '50', '78');
INSERT INTO `photos` (`id`, `album_id`, `media_id`) VALUES ('79', '49', '79');
INSERT INTO `photos` (`id`, `album_id`, `media_id`) VALUES ('80', '22', '80');
INSERT INTO `photos` (`id`, `album_id`, `media_id`) VALUES ('81', '71', '81');
INSERT INTO `photos` (`id`, `album_id`, `media_id`) VALUES ('82', '58', '82');
INSERT INTO `photos` (`id`, `album_id`, `media_id`) VALUES ('83', '79', '83');
INSERT INTO `photos` (`id`, `album_id`, `media_id`) VALUES ('84', '40', '84');
INSERT INTO `photos` (`id`, `album_id`, `media_id`) VALUES ('85', '23', '85');
INSERT INTO `photos` (`id`, `album_id`, `media_id`) VALUES ('86', '12', '86');
INSERT INTO `photos` (`id`, `album_id`, `media_id`) VALUES ('87', '50', '87');
INSERT INTO `photos` (`id`, `album_id`, `media_id`) VALUES ('88', '96', '88');
INSERT INTO `photos` (`id`, `album_id`, `media_id`) VALUES ('89', '97', '89');
INSERT INTO `photos` (`id`, `album_id`, `media_id`) VALUES ('90', '4', '90');
INSERT INTO `photos` (`id`, `album_id`, `media_id`) VALUES ('91', '14', '91');
INSERT INTO `photos` (`id`, `album_id`, `media_id`) VALUES ('92', '87', '92');
INSERT INTO `photos` (`id`, `album_id`, `media_id`) VALUES ('93', '83', '93');
INSERT INTO `photos` (`id`, `album_id`, `media_id`) VALUES ('94', '57', '94');
INSERT INTO `photos` (`id`, `album_id`, `media_id`) VALUES ('95', '79', '95');
INSERT INTO `photos` (`id`, `album_id`, `media_id`) VALUES ('96', '2', '96');
INSERT INTO `photos` (`id`, `album_id`, `media_id`) VALUES ('97', '16', '97');
INSERT INTO `photos` (`id`, `album_id`, `media_id`) VALUES ('98', '35', '98');
INSERT INTO `photos` (`id`, `album_id`, `media_id`) VALUES ('99', '89', '99');
INSERT INTO `photos` (`id`, `album_id`, `media_id`) VALUES ('100', '29', '100');


#
# TABLE STRUCTURE FOR: profiles
#

DROP TABLE IF EXISTS `profiles`;

CREATE TABLE `profiles` (
  `user_id` bigint(20) unsigned NOT NULL AUTO_INCREMENT,
  `gender` char(1) COLLATE utf8mb4_unicode_ci DEFAULT NULL,
  `birthday` date DEFAULT NULL,
  `photo_id` bigint(20) unsigned DEFAULT NULL,
  `created_at` datetime DEFAULT current_timestamp(),
  `hometown` varchar(100) COLLATE utf8mb4_unicode_ci DEFAULT NULL,
  PRIMARY KEY (`user_id`),
  KEY `fk_photo_id` (`photo_id`),
  CONSTRAINT `fk_photo_id` FOREIGN KEY (`photo_id`) REFERENCES `photos` (`id`) ON DELETE SET NULL ON UPDATE CASCADE,
  CONSTRAINT `fk_user_id` FOREIGN KEY (`user_id`) REFERENCES `users` (`id`) ON DELETE CASCADE ON UPDATE CASCADE
) ENGINE=InnoDB AUTO_INCREMENT=101 DEFAULT CHARSET=utf8mb4 COLLATE=utf8mb4_unicode_ci;

INSERT INTO `profiles` (`user_id`, `gender`, `birthday`, `photo_id`, `created_at`, `hometown`) VALUES ('1', 'f', '1993-03-02', '1', '1998-11-08 04:44:51', 'Kovacekshire');
INSERT INTO `profiles` (`user_id`, `gender`, `birthday`, `photo_id`, `created_at`, `hometown`) VALUES ('2', 'f', '2010-04-11', '2', '2013-05-30 07:20:48', 'New Leanne');
INSERT INTO `profiles` (`user_id`, `gender`, `birthday`, `photo_id`, `created_at`, `hometown`) VALUES ('3', 'm', '2022-02-08', '3', '1977-10-02 10:44:09', 'East Amaya');
INSERT INTO `profiles` (`user_id`, `gender`, `birthday`, `photo_id`, `created_at`, `hometown`) VALUES ('4', 'f', '1991-09-04', '4', '1995-09-21 18:22:27', 'West Tess');
INSERT INTO `profiles` (`user_id`, `gender`, `birthday`, `photo_id`, `created_at`, `hometown`) VALUES ('5', 'f', '1992-01-22', '5', '2017-01-13 12:39:40', 'Port Alenetown');
INSERT INTO `profiles` (`user_id`, `gender`, `birthday`, `photo_id`, `created_at`, `hometown`) VALUES ('6', 'f', '2008-09-20', '6', '1991-10-20 20:10:31', 'Sibylbury');
INSERT INTO `profiles` (`user_id`, `gender`, `birthday`, `photo_id`, `created_at`, `hometown`) VALUES ('7', 'f', '2013-06-15', '7', '2011-10-08 22:41:53', 'Lake Conradborough');
INSERT INTO `profiles` (`user_id`, `gender`, `birthday`, `photo_id`, `created_at`, `hometown`) VALUES ('8', 'm', '1990-01-15', '8', '1973-03-01 06:13:29', 'Hattieborough');
INSERT INTO `profiles` (`user_id`, `gender`, `birthday`, `photo_id`, `created_at`, `hometown`) VALUES ('9', 'f', '1972-04-01', '9', '2007-12-30 03:38:33', 'Lake Tianaside');
INSERT INTO `profiles` (`user_id`, `gender`, `birthday`, `photo_id`, `created_at`, `hometown`) VALUES ('10', 'm', '1999-12-06', '10', '2007-05-30 03:32:15', 'Lake Brisaview');
INSERT INTO `profiles` (`user_id`, `gender`, `birthday`, `photo_id`, `created_at`, `hometown`) VALUES ('11', 'm', '2008-12-12', '11', '1980-05-31 12:55:09', 'New Andersonton');
INSERT INTO `profiles` (`user_id`, `gender`, `birthday`, `photo_id`, `created_at`, `hometown`) VALUES ('12', 'm', '1996-06-18', '12', '2014-07-05 20:21:12', 'Aimeetown');
INSERT INTO `profiles` (`user_id`, `gender`, `birthday`, `photo_id`, `created_at`, `hometown`) VALUES ('13', 'f', '1976-07-13', '13', '1990-03-03 01:23:39', 'East Rylee');
INSERT INTO `profiles` (`user_id`, `gender`, `birthday`, `photo_id`, `created_at`, `hometown`) VALUES ('14', 'm', '1991-05-17', '14', '1985-05-07 21:07:20', 'Lake Devonte');
INSERT INTO `profiles` (`user_id`, `gender`, `birthday`, `photo_id`, `created_at`, `hometown`) VALUES ('15', 'm', '1974-01-24', '15', '1977-06-19 03:56:02', 'East Jaydonfurt');
INSERT INTO `profiles` (`user_id`, `gender`, `birthday`, `photo_id`, `created_at`, `hometown`) VALUES ('16', 'f', '2006-11-13', '16', '1978-05-27 11:05:57', 'Kilbackbury');
INSERT INTO `profiles` (`user_id`, `gender`, `birthday`, `photo_id`, `created_at`, `hometown`) VALUES ('17', 'f', '1993-09-08', '17', '2014-10-13 05:10:57', 'West Wilfredo');
INSERT INTO `profiles` (`user_id`, `gender`, `birthday`, `photo_id`, `created_at`, `hometown`) VALUES ('18', 'f', '1994-03-16', '18', '2018-05-04 13:40:58', 'South Johathanland');
INSERT INTO `profiles` (`user_id`, `gender`, `birthday`, `photo_id`, `created_at`, `hometown`) VALUES ('19', 'f', '2021-04-06', '19', '1995-11-10 18:52:07', 'Jamesonton');
INSERT INTO `profiles` (`user_id`, `gender`, `birthday`, `photo_id`, `created_at`, `hometown`) VALUES ('20', 'm', '2003-05-19', '20', '2014-08-22 20:47:24', 'Muellershire');
INSERT INTO `profiles` (`user_id`, `gender`, `birthday`, `photo_id`, `created_at`, `hometown`) VALUES ('21', 'f', '1999-02-05', '21', '1986-03-07 06:51:05', 'Lake Abagail');
INSERT INTO `profiles` (`user_id`, `gender`, `birthday`, `photo_id`, `created_at`, `hometown`) VALUES ('22', 'f', '2009-03-15', '22', '2017-10-26 10:18:54', 'East Seth');
INSERT INTO `profiles` (`user_id`, `gender`, `birthday`, `photo_id`, `created_at`, `hometown`) VALUES ('23', 'm', '1989-05-16', '23', '1997-08-30 19:08:46', 'New Octavia');
INSERT INTO `profiles` (`user_id`, `gender`, `birthday`, `photo_id`, `created_at`, `hometown`) VALUES ('24', 'm', '1976-10-22', '24', '2021-01-06 17:35:08', 'Adelbertfort');
INSERT INTO `profiles` (`user_id`, `gender`, `birthday`, `photo_id`, `created_at`, `hometown`) VALUES ('25', 'm', '1997-11-16', '25', '1985-02-19 04:13:05', 'Kaylishire');
INSERT INTO `profiles` (`user_id`, `gender`, `birthday`, `photo_id`, `created_at`, `hometown`) VALUES ('26', 'm', '1982-01-13', '26', '2021-06-07 03:31:39', 'Elliotmouth');
INSERT INTO `profiles` (`user_id`, `gender`, `birthday`, `photo_id`, `created_at`, `hometown`) VALUES ('27', 'm', '2014-01-06', '27', '2007-09-15 06:17:20', 'West Maymie');
INSERT INTO `profiles` (`user_id`, `gender`, `birthday`, `photo_id`, `created_at`, `hometown`) VALUES ('28', 'm', '1982-12-18', '28', '2014-01-24 13:09:25', 'North Gust');
INSERT INTO `profiles` (`user_id`, `gender`, `birthday`, `photo_id`, `created_at`, `hometown`) VALUES ('29', 'f', '2020-03-26', '29', '1973-11-25 05:13:43', 'Bergechester');
INSERT INTO `profiles` (`user_id`, `gender`, `birthday`, `photo_id`, `created_at`, `hometown`) VALUES ('30', 'm', '2002-12-21', '30', '1976-06-23 23:56:09', 'Lake Bethelhaven');
INSERT INTO `profiles` (`user_id`, `gender`, `birthday`, `photo_id`, `created_at`, `hometown`) VALUES ('31', 'f', '1981-03-27', '31', '1980-09-28 09:49:13', 'Adanborough');
INSERT INTO `profiles` (`user_id`, `gender`, `birthday`, `photo_id`, `created_at`, `hometown`) VALUES ('32', 'm', '2022-03-20', '32', '2022-06-25 00:23:13', 'Lake Judsonport');
INSERT INTO `profiles` (`user_id`, `gender`, `birthday`, `photo_id`, `created_at`, `hometown`) VALUES ('33', 'f', '1996-06-10', '33', '2005-10-12 23:34:49', 'New Morris');
INSERT INTO `profiles` (`user_id`, `gender`, `birthday`, `photo_id`, `created_at`, `hometown`) VALUES ('34', 'm', '1985-03-01', '34', '1971-06-13 12:04:19', 'East Modestostad');
INSERT INTO `profiles` (`user_id`, `gender`, `birthday`, `photo_id`, `created_at`, `hometown`) VALUES ('35', 'm', '2007-09-14', '35', '1979-04-14 21:46:18', 'New Natasha');
INSERT INTO `profiles` (`user_id`, `gender`, `birthday`, `photo_id`, `created_at`, `hometown`) VALUES ('36', 'f', '1996-10-17', '36', '2001-03-26 18:55:53', 'Garryburgh');
INSERT INTO `profiles` (`user_id`, `gender`, `birthday`, `photo_id`, `created_at`, `hometown`) VALUES ('37', 'm', '2006-10-17', '37', '1992-10-25 14:12:47', 'Port Hilda');
INSERT INTO `profiles` (`user_id`, `gender`, `birthday`, `photo_id`, `created_at`, `hometown`) VALUES ('38', 'm', '2005-12-05', '38', '1974-02-22 05:21:38', 'Gleasonberg');
INSERT INTO `profiles` (`user_id`, `gender`, `birthday`, `photo_id`, `created_at`, `hometown`) VALUES ('39', 'f', '2008-08-16', '39', '1983-04-12 21:18:46', 'North Johnson');
INSERT INTO `profiles` (`user_id`, `gender`, `birthday`, `photo_id`, `created_at`, `hometown`) VALUES ('40', 'f', '1996-02-13', '40', '2010-09-23 13:07:51', 'North Valentinaland');
INSERT INTO `profiles` (`user_id`, `gender`, `birthday`, `photo_id`, `created_at`, `hometown`) VALUES ('41', 'm', '1977-01-23', '41', '1996-03-08 21:37:02', 'Eleanoramouth');
INSERT INTO `profiles` (`user_id`, `gender`, `birthday`, `photo_id`, `created_at`, `hometown`) VALUES ('42', 'm', '1997-08-18', '42', '1985-11-11 03:26:07', 'East Venastad');
INSERT INTO `profiles` (`user_id`, `gender`, `birthday`, `photo_id`, `created_at`, `hometown`) VALUES ('43', 'm', '2000-05-10', '43', '1970-09-21 02:13:13', 'West Angelachester');
INSERT INTO `profiles` (`user_id`, `gender`, `birthday`, `photo_id`, `created_at`, `hometown`) VALUES ('44', 'f', '1996-05-10', '44', '2002-10-25 21:13:54', 'Aglaemouth');
INSERT INTO `profiles` (`user_id`, `gender`, `birthday`, `photo_id`, `created_at`, `hometown`) VALUES ('45', 'f', '1987-11-22', '45', '1999-02-02 01:03:29', 'Marcusview');
INSERT INTO `profiles` (`user_id`, `gender`, `birthday`, `photo_id`, `created_at`, `hometown`) VALUES ('46', 'm', '2014-12-08', '46', '2019-10-13 08:58:24', 'Abshiremouth');
INSERT INTO `profiles` (`user_id`, `gender`, `birthday`, `photo_id`, `created_at`, `hometown`) VALUES ('47', 'f', '1978-10-12', '47', '2014-10-18 08:26:01', 'North Elverabury');
INSERT INTO `profiles` (`user_id`, `gender`, `birthday`, `photo_id`, `created_at`, `hometown`) VALUES ('48', 'f', '2002-11-13', '48', '2008-09-01 00:26:22', 'Trompmouth');
INSERT INTO `profiles` (`user_id`, `gender`, `birthday`, `photo_id`, `created_at`, `hometown`) VALUES ('49', 'f', '1976-06-05', '49', '1995-12-03 00:37:34', 'East Vada');
INSERT INTO `profiles` (`user_id`, `gender`, `birthday`, `photo_id`, `created_at`, `hometown`) VALUES ('50', 'f', '1987-01-13', '50', '2020-03-26 11:06:16', 'Braedenville');
INSERT INTO `profiles` (`user_id`, `gender`, `birthday`, `photo_id`, `created_at`, `hometown`) VALUES ('51', 'm', '2020-11-14', '51', '2008-03-12 18:22:21', 'West Haleighburgh');
INSERT INTO `profiles` (`user_id`, `gender`, `birthday`, `photo_id`, `created_at`, `hometown`) VALUES ('52', 'f', '2012-03-28', '52', '1993-12-28 01:33:19', 'Hettingerbury');
INSERT INTO `profiles` (`user_id`, `gender`, `birthday`, `photo_id`, `created_at`, `hometown`) VALUES ('53', 'f', '2022-04-08', '53', '1988-07-27 18:37:53', 'Catherinetown');
INSERT INTO `profiles` (`user_id`, `gender`, `birthday`, `photo_id`, `created_at`, `hometown`) VALUES ('54', 'f', '2014-07-22', '54', '1996-11-16 08:31:51', 'Preciousfort');
INSERT INTO `profiles` (`user_id`, `gender`, `birthday`, `photo_id`, `created_at`, `hometown`) VALUES ('55', 'm', '2012-05-16', '55', '2017-10-19 20:32:14', 'Paucekview');
INSERT INTO `profiles` (`user_id`, `gender`, `birthday`, `photo_id`, `created_at`, `hometown`) VALUES ('56', 'f', '2015-08-01', '56', '1995-11-15 04:13:01', 'New Mackenziemouth');
INSERT INTO `profiles` (`user_id`, `gender`, `birthday`, `photo_id`, `created_at`, `hometown`) VALUES ('57', 'm', '1983-08-27', '57', '1995-01-19 08:54:04', 'Lavinaburgh');
INSERT INTO `profiles` (`user_id`, `gender`, `birthday`, `photo_id`, `created_at`, `hometown`) VALUES ('58', 'm', '1991-02-09', '58', '1991-04-11 01:06:53', 'South Terence');
INSERT INTO `profiles` (`user_id`, `gender`, `birthday`, `photo_id`, `created_at`, `hometown`) VALUES ('59', 'm', '1973-10-01', '59', '1972-06-01 02:47:39', 'North Irmashire');
INSERT INTO `profiles` (`user_id`, `gender`, `birthday`, `photo_id`, `created_at`, `hometown`) VALUES ('60', 'm', '2020-05-17', '60', '1994-11-09 14:44:16', 'Lake Andreland');
INSERT INTO `profiles` (`user_id`, `gender`, `birthday`, `photo_id`, `created_at`, `hometown`) VALUES ('61', 'f', '1996-01-07', '61', '2019-01-26 02:56:56', 'Icieburgh');
INSERT INTO `profiles` (`user_id`, `gender`, `birthday`, `photo_id`, `created_at`, `hometown`) VALUES ('62', 'f', '1976-07-03', '62', '1994-06-25 15:50:13', 'South Korbinbury');
INSERT INTO `profiles` (`user_id`, `gender`, `birthday`, `photo_id`, `created_at`, `hometown`) VALUES ('63', 'f', '2011-05-17', '63', '1986-05-13 02:25:14', 'South Aurore');
INSERT INTO `profiles` (`user_id`, `gender`, `birthday`, `photo_id`, `created_at`, `hometown`) VALUES ('64', 'f', '1997-06-14', '64', '2012-04-26 04:07:45', 'New Cyril');
INSERT INTO `profiles` (`user_id`, `gender`, `birthday`, `photo_id`, `created_at`, `hometown`) VALUES ('65', 'f', '2014-01-19', '65', '1992-01-11 16:30:16', 'Candicefurt');
INSERT INTO `profiles` (`user_id`, `gender`, `birthday`, `photo_id`, `created_at`, `hometown`) VALUES ('66', 'f', '2005-06-23', '66', '1997-01-09 03:10:05', 'Thielport');
INSERT INTO `profiles` (`user_id`, `gender`, `birthday`, `photo_id`, `created_at`, `hometown`) VALUES ('67', 'f', '1990-01-30', '67', '1983-03-31 06:24:52', 'Berniecestad');
INSERT INTO `profiles` (`user_id`, `gender`, `birthday`, `photo_id`, `created_at`, `hometown`) VALUES ('68', 'f', '1994-01-22', '68', '1997-08-07 11:17:18', 'McClurefurt');
INSERT INTO `profiles` (`user_id`, `gender`, `birthday`, `photo_id`, `created_at`, `hometown`) VALUES ('69', 'm', '2013-07-24', '69', '1991-03-27 19:59:41', 'Schummview');
INSERT INTO `profiles` (`user_id`, `gender`, `birthday`, `photo_id`, `created_at`, `hometown`) VALUES ('70', 'm', '1972-10-07', '70', '1993-09-23 13:00:29', 'New Rosendo');
INSERT INTO `profiles` (`user_id`, `gender`, `birthday`, `photo_id`, `created_at`, `hometown`) VALUES ('71', 'm', '2017-02-15', '71', '1982-03-08 02:13:58', 'South Ryder');
INSERT INTO `profiles` (`user_id`, `gender`, `birthday`, `photo_id`, `created_at`, `hometown`) VALUES ('72', 'm', '1991-02-20', '72', '1998-03-28 15:17:47', 'Sauerport');
INSERT INTO `profiles` (`user_id`, `gender`, `birthday`, `photo_id`, `created_at`, `hometown`) VALUES ('73', 'f', '1998-11-02', '73', '1993-09-07 07:28:14', 'Barrowsland');
INSERT INTO `profiles` (`user_id`, `gender`, `birthday`, `photo_id`, `created_at`, `hometown`) VALUES ('74', 'f', '1970-12-25', '74', '2018-02-27 05:13:00', 'East Savanah');
INSERT INTO `profiles` (`user_id`, `gender`, `birthday`, `photo_id`, `created_at`, `hometown`) VALUES ('75', 'f', '1999-12-24', '75', '2011-09-26 02:47:56', 'New Marionchester');
INSERT INTO `profiles` (`user_id`, `gender`, `birthday`, `photo_id`, `created_at`, `hometown`) VALUES ('76', 'f', '1979-08-30', '76', '1971-05-25 01:45:56', 'Harbertown');
INSERT INTO `profiles` (`user_id`, `gender`, `birthday`, `photo_id`, `created_at`, `hometown`) VALUES ('77', 'm', '1981-10-16', '77', '1981-03-28 02:30:43', 'West Orpha');
INSERT INTO `profiles` (`user_id`, `gender`, `birthday`, `photo_id`, `created_at`, `hometown`) VALUES ('78', 'm', '1979-09-10', '78', '1981-09-10 19:27:33', 'New Rico');
INSERT INTO `profiles` (`user_id`, `gender`, `birthday`, `photo_id`, `created_at`, `hometown`) VALUES ('79', 'f', '2002-11-25', '79', '2022-07-08 23:47:21', 'Port Norenechester');
INSERT INTO `profiles` (`user_id`, `gender`, `birthday`, `photo_id`, `created_at`, `hometown`) VALUES ('80', 'm', '1989-06-23', '80', '2003-12-21 03:26:32', 'East Jamirhaven');
INSERT INTO `profiles` (`user_id`, `gender`, `birthday`, `photo_id`, `created_at`, `hometown`) VALUES ('81', 'm', '2005-01-22', '81', '2012-02-12 18:18:16', 'Mitchellport');
INSERT INTO `profiles` (`user_id`, `gender`, `birthday`, `photo_id`, `created_at`, `hometown`) VALUES ('82', 'm', '2011-07-01', '82', '2007-11-29 06:48:12', 'Carterfurt');
INSERT INTO `profiles` (`user_id`, `gender`, `birthday`, `photo_id`, `created_at`, `hometown`) VALUES ('83', 'f', '1971-11-18', '83', '1986-02-03 05:26:04', 'Bennettport');
INSERT INTO `profiles` (`user_id`, `gender`, `birthday`, `photo_id`, `created_at`, `hometown`) VALUES ('84', 'f', '1997-03-06', '84', '1985-08-20 05:17:07', 'North Salvatore');
INSERT INTO `profiles` (`user_id`, `gender`, `birthday`, `photo_id`, `created_at`, `hometown`) VALUES ('85', 'f', '2000-02-02', '85', '1997-08-17 04:44:48', 'Sammyville');
INSERT INTO `profiles` (`user_id`, `gender`, `birthday`, `photo_id`, `created_at`, `hometown`) VALUES ('86', 'f', '1974-08-19', '86', '1997-06-13 07:57:14', 'Aufderharhaven');
INSERT INTO `profiles` (`user_id`, `gender`, `birthday`, `photo_id`, `created_at`, `hometown`) VALUES ('87', 'm', '2002-09-26', '87', '1973-08-24 05:19:42', 'Rosannaport');
INSERT INTO `profiles` (`user_id`, `gender`, `birthday`, `photo_id`, `created_at`, `hometown`) VALUES ('88', 'f', '1974-07-28', '88', '1975-01-20 20:28:11', 'Boydland');
INSERT INTO `profiles` (`user_id`, `gender`, `birthday`, `photo_id`, `created_at`, `hometown`) VALUES ('89', 'm', '2013-03-04', '89', '1981-10-17 11:49:29', 'Francesfort');
INSERT INTO `profiles` (`user_id`, `gender`, `birthday`, `photo_id`, `created_at`, `hometown`) VALUES ('90', 'm', '2021-09-28', '90', '1976-12-15 12:23:46', 'Marvinmouth');
INSERT INTO `profiles` (`user_id`, `gender`, `birthday`, `photo_id`, `created_at`, `hometown`) VALUES ('91', 'f', '2004-09-21', '91', '1982-07-25 02:57:14', 'West Reagan');
INSERT INTO `profiles` (`user_id`, `gender`, `birthday`, `photo_id`, `created_at`, `hometown`) VALUES ('92', 'f', '2002-07-17', '92', '1977-09-04 23:56:25', 'East Alfonzofort');
INSERT INTO `profiles` (`user_id`, `gender`, `birthday`, `photo_id`, `created_at`, `hometown`) VALUES ('93', 'f', '1977-01-02', '93', '2006-03-24 14:00:00', 'Klingport');
INSERT INTO `profiles` (`user_id`, `gender`, `birthday`, `photo_id`, `created_at`, `hometown`) VALUES ('94', 'f', '2019-11-28', '94', '2010-07-03 18:27:56', 'Gislasonshire');
INSERT INTO `profiles` (`user_id`, `gender`, `birthday`, `photo_id`, `created_at`, `hometown`) VALUES ('95', 'm', '1997-11-09', '95', '1975-07-27 08:15:39', 'Port Joshuah');
INSERT INTO `profiles` (`user_id`, `gender`, `birthday`, `photo_id`, `created_at`, `hometown`) VALUES ('96', 'f', '2000-10-16', '96', '1978-09-06 20:45:27', 'Sigmundton');
INSERT INTO `profiles` (`user_id`, `gender`, `birthday`, `photo_id`, `created_at`, `hometown`) VALUES ('97', 'm', '1980-02-25', '97', '2008-11-26 00:11:24', 'Port Elyssa');
INSERT INTO `profiles` (`user_id`, `gender`, `birthday`, `photo_id`, `created_at`, `hometown`) VALUES ('98', 'm', '1977-01-05', '98', '2010-06-26 18:06:25', 'Lake Marty');
INSERT INTO `profiles` (`user_id`, `gender`, `birthday`, `photo_id`, `created_at`, `hometown`) VALUES ('99', 'f', '1972-12-16', '99', '1989-06-10 07:44:57', 'Altenwerthburgh');
INSERT INTO `profiles` (`user_id`, `gender`, `birthday`, `photo_id`, `created_at`, `hometown`) VALUES ('100', 'm', '1986-04-08', '100', '1985-06-18 18:43:09', 'Rylanfurt');


#
# TABLE STRUCTURE FOR: users
#

DROP TABLE IF EXISTS `users`;

CREATE TABLE `users` (
  `id` bigint(20) unsigned NOT NULL AUTO_INCREMENT,
  `firstname` varchar(100) COLLATE utf8mb4_unicode_ci DEFAULT NULL,
  `lastname` varchar(100) COLLATE utf8mb4_unicode_ci DEFAULT NULL COMMENT '',
  `email` varchar(100) COLLATE utf8mb4_unicode_ci DEFAULT NULL,
  `password_hash` varchar(100) COLLATE utf8mb4_unicode_ci DEFAULT NULL,
  `phone` bigint(20) DEFAULT NULL,
  `is_deleted` bit(1) DEFAULT b'0',
  PRIMARY KEY (`id`),
  UNIQUE KEY `email` (`email`),
  KEY `users_firstname_lastname_idx` (`firstname`,`lastname`)
) ENGINE=InnoDB AUTO_INCREMENT=101 DEFAULT CHARSET=utf8mb4 COLLATE=utf8mb4_unicode_ci;

INSERT INTO `users` (`id`, `firstname`, `lastname`, `email`, `password_hash`, `phone`, `is_deleted`) VALUES ('1', 'Nicola', 'Brakus', 'sammie06@example.com', '1e14af73cfc9c2079cd46c02308c7dbd77e7b220', '89405874062', '1');
INSERT INTO `users` (`id`, `firstname`, `lastname`, `email`, `password_hash`, `phone`, `is_deleted`) VALUES ('2', 'Allen', 'Reinger', 'christelle.gerlach@example.com', '25ab8de388dac9e6538ffe0a9597822ceba7787a', '89721026922', '1');
INSERT INTO `users` (`id`, `firstname`, `lastname`, `email`, `password_hash`, `phone`, `is_deleted`) VALUES ('3', 'Zelda', 'Bode', 'yost.bridie@example.net', '673bd33033f143bc70f673b309112d8a22e079e0', '89526136350', '0');
INSERT INTO `users` (`id`, `firstname`, `lastname`, `email`, `password_hash`, `phone`, `is_deleted`) VALUES ('4', 'Eulah', 'Lebsack', 'hardy.mckenzie@example.org', 'be1a95534dcc93384289743252a65ffef95c3b60', '89695560800', '0');
INSERT INTO `users` (`id`, `firstname`, `lastname`, `email`, `password_hash`, `phone`, `is_deleted`) VALUES ('5', 'Keaton', 'Feest', 'hborer@example.com', '8268f79f00319ddf9024fd293c56caeaefbfaf4f', '89002175552', '0');
INSERT INTO `users` (`id`, `firstname`, `lastname`, `email`, `password_hash`, `phone`, `is_deleted`) VALUES ('6', 'Jett', 'Pfannerstill', 'megane62@example.net', '23742dd864f15937eefa89869b396c6f8d740c0c', '89885847666', '1');
INSERT INTO `users` (`id`, `firstname`, `lastname`, `email`, `password_hash`, `phone`, `is_deleted`) VALUES ('7', 'Tate', 'Schulist', 'qcronin@example.net', 'f0055e9e10dc68873d972d23c0ec1c863ebd97a5', '89073461945', '0');
INSERT INTO `users` (`id`, `firstname`, `lastname`, `email`, `password_hash`, `phone`, `is_deleted`) VALUES ('8', 'Lawrence', 'Stokes', 'cedrick.schuster@example.com', '844819bea56bbd5b7452a2fe1e11725aa47f7240', '89663247149', '1');
INSERT INTO `users` (`id`, `firstname`, `lastname`, `email`, `password_hash`, `phone`, `is_deleted`) VALUES ('9', 'Alessandro', 'Pfeffer', 'jmills@example.com', '3ba21bfdf56de3b85f51171eb89458f31051023d', '89317068467', '0');
INSERT INTO `users` (`id`, `firstname`, `lastname`, `email`, `password_hash`, `phone`, `is_deleted`) VALUES ('10', 'Violet', 'Carroll', 'omer.marquardt@example.com', '6cdbe443ab89bd6372688f4ce807f9218402e34e', '89768999829', '1');
INSERT INTO `users` (`id`, `firstname`, `lastname`, `email`, `password_hash`, `phone`, `is_deleted`) VALUES ('11', 'Gretchen', 'Kilback', 'anna.waters@example.com', '6cd404dd611c2e3244bb48c1126a824e3e375c70', '89379041639', '0');
INSERT INTO `users` (`id`, `firstname`, `lastname`, `email`, `password_hash`, `phone`, `is_deleted`) VALUES ('12', 'Katlynn', 'Stokes', 'marietta.schowalter@example.com', '2d98575a521e4bb034c4afe997b72bc8a07b8b53', '89820846446', '1');
INSERT INTO `users` (`id`, `firstname`, `lastname`, `email`, `password_hash`, `phone`, `is_deleted`) VALUES ('13', 'Kenna', 'Lang', 'annabel.wolf@example.org', '3185cb949ca06b0ed2970806e9abfa58cac05e71', '89263653802', '0');
INSERT INTO `users` (`id`, `firstname`, `lastname`, `email`, `password_hash`, `phone`, `is_deleted`) VALUES ('14', 'Terrell', 'McCullough', 'michael.kerluke@example.com', '0b4c73a7a8727f08dfc73c37995112e9f3efeed8', '89066927914', '0');
INSERT INTO `users` (`id`, `firstname`, `lastname`, `email`, `password_hash`, `phone`, `is_deleted`) VALUES ('15', 'Shany', 'Windler', 'utowne@example.com', '7014022d8a2120d9d49370220371f1e795b6e626', '89232405966', '1');
INSERT INTO `users` (`id`, `firstname`, `lastname`, `email`, `password_hash`, `phone`, `is_deleted`) VALUES ('16', 'Augusta', 'Lockman', 'crona.bella@example.org', 'aa35dffebbe43f9fbd9b9a2df66c4ea005434cdd', '89857940979', '1');
INSERT INTO `users` (`id`, `firstname`, `lastname`, `email`, `password_hash`, `phone`, `is_deleted`) VALUES ('17', 'Justen', 'Murphy', 'phirthe@example.com', 'afa836f9dd67da9f498a6027db99e08c377a3d45', '89030890966', '1');
INSERT INTO `users` (`id`, `firstname`, `lastname`, `email`, `password_hash`, `phone`, `is_deleted`) VALUES ('18', 'Cheyenne', 'Tillman', 'morar.bernadine@example.com', '0ed3baea05dc9066600436024000060808efca55', '89161750384', '0');
INSERT INTO `users` (`id`, `firstname`, `lastname`, `email`, `password_hash`, `phone`, `is_deleted`) VALUES ('19', 'Westley', 'Aufderhar', 'daniella.kilback@example.com', '697955c9eaccc8c4e98d282a2bc623836797b6cd', '89794015013', '0');
INSERT INTO `users` (`id`, `firstname`, `lastname`, `email`, `password_hash`, `phone`, `is_deleted`) VALUES ('20', 'Sonya', 'Fay', 'xmuller@example.com', '57ebde729c7e7ba45a085b104676da06086ff929', '89586883436', '0');
INSERT INTO `users` (`id`, `firstname`, `lastname`, `email`, `password_hash`, `phone`, `is_deleted`) VALUES ('21', 'Judd', 'Block', 'rschaden@example.com', '070b5f0a58fba8b0b3226a50209cfeadf31b2301', '89204300879', '0');
INSERT INTO `users` (`id`, `firstname`, `lastname`, `email`, `password_hash`, `phone`, `is_deleted`) VALUES ('22', 'Eleonore', 'Beatty', 'pheidenreich@example.com', '5b47d455c9635f2b56bf1d2c0daf5d2ee81b0023', '89636652279', '0');
INSERT INTO `users` (`id`, `firstname`, `lastname`, `email`, `password_hash`, `phone`, `is_deleted`) VALUES ('23', 'Rahul', 'Leuschke', 'maverick.goyette@example.org', '3bd8ee9a601d6b41c96f792772b14619d79f64cb', '89191650349', '1');
INSERT INTO `users` (`id`, `firstname`, `lastname`, `email`, `password_hash`, `phone`, `is_deleted`) VALUES ('24', 'Genesis', 'Hackett', 'carolina66@example.org', '1b077862aef3de7a830e39b143b5da0c3bc5cac6', '89839812838', '0');
INSERT INTO `users` (`id`, `firstname`, `lastname`, `email`, `password_hash`, `phone`, `is_deleted`) VALUES ('25', 'Maryse', 'Homenick', 'camilla.tromp@example.com', 'e5358d62b6559a0b9762c879d40846872393421f', '89912218215', '1');
INSERT INTO `users` (`id`, `firstname`, `lastname`, `email`, `password_hash`, `phone`, `is_deleted`) VALUES ('26', 'Allie', 'Hermann', 'sam50@example.com', '8ef6be7d27027a720916b5e38bc6175059651aa1', '89782906397', '0');
INSERT INTO `users` (`id`, `firstname`, `lastname`, `email`, `password_hash`, `phone`, `is_deleted`) VALUES ('27', 'Easton', 'Crist', 'zdeckow@example.com', 'cb2e9076bf61b45edc332c89bc25e169e22c8974', '89745811115', '1');
INSERT INTO `users` (`id`, `firstname`, `lastname`, `email`, `password_hash`, `phone`, `is_deleted`) VALUES ('28', 'Jeramie', 'Satterfield', 'jpaucek@example.com', 'ab7bec9d904812f7c728cd160e88035bb21cda2e', '89408585816', '0');
INSERT INTO `users` (`id`, `firstname`, `lastname`, `email`, `password_hash`, `phone`, `is_deleted`) VALUES ('29', 'Reginald', 'Graham', 'lhansen@example.net', '3cb23687317a12d9d47615dd0833a66f29aa180c', '89927836085', '1');
INSERT INTO `users` (`id`, `firstname`, `lastname`, `email`, `password_hash`, `phone`, `is_deleted`) VALUES ('30', 'Ambrose', 'Ebert', 'faye92@example.net', '504e0aea55c2541eba5fe5ac2df182158146756a', '89730994379', '1');
INSERT INTO `users` (`id`, `firstname`, `lastname`, `email`, `password_hash`, `phone`, `is_deleted`) VALUES ('31', 'Shakira', 'Bergstrom', 'laverna34@example.com', 'bde2dc65ac4ac9ffd4c45a0aa1b405a58f740fda', '89784889151', '0');
INSERT INTO `users` (`id`, `firstname`, `lastname`, `email`, `password_hash`, `phone`, `is_deleted`) VALUES ('32', 'Camron', 'Raynor', 'glover.stephania@example.org', '6df417cbeb44e1a0be32bcde7696e8ff26631548', '89497443382', '0');
INSERT INTO `users` (`id`, `firstname`, `lastname`, `email`, `password_hash`, `phone`, `is_deleted`) VALUES ('33', 'Hoyt', 'Towne', 'cglover@example.net', '9d73896e9f67472c8e5d989d8755f718196b8d17', '89588805580', '1');
INSERT INTO `users` (`id`, `firstname`, `lastname`, `email`, `password_hash`, `phone`, `is_deleted`) VALUES ('34', 'Roselyn', 'Gleason', 'yolanda.goodwin@example.net', '13032a1b0447d7d63b3f7c926489497424dfa876', '89347578764', '1');
INSERT INTO `users` (`id`, `firstname`, `lastname`, `email`, `password_hash`, `phone`, `is_deleted`) VALUES ('35', 'Eden', 'Zieme', 'stoltenberg.antoinette@example.net', '1f40b286b03fe315abf33e2b43ebf5d592a2bdda', '89903042890', '1');
INSERT INTO `users` (`id`, `firstname`, `lastname`, `email`, `password_hash`, `phone`, `is_deleted`) VALUES ('36', 'Erling', 'Bartell', 'kali.brown@example.com', '6c5f8cca83ac09f34bc3b10adacca15dad396464', '89958352074', '1');
INSERT INTO `users` (`id`, `firstname`, `lastname`, `email`, `password_hash`, `phone`, `is_deleted`) VALUES ('37', 'Eugene', 'Jerde', 'millie41@example.net', '751f9b7af23ec159a20130373e28d6054dd73528', '89401305028', '0');
INSERT INTO `users` (`id`, `firstname`, `lastname`, `email`, `password_hash`, `phone`, `is_deleted`) VALUES ('38', 'Jace', 'Jenkins', 'bert.torphy@example.com', '811cea167c4cd5aa2d1f064196cc85962df96e35', '89181547714', '1');
INSERT INTO `users` (`id`, `firstname`, `lastname`, `email`, `password_hash`, `phone`, `is_deleted`) VALUES ('39', 'Skyla', 'O\'Kon', 'lockman.joanie@example.net', '6c0853d320d4f33b45939a7fd1ca3dcad4046781', '89753952756', '1');
INSERT INTO `users` (`id`, `firstname`, `lastname`, `email`, `password_hash`, `phone`, `is_deleted`) VALUES ('40', 'Alvis', 'Aufderhar', 'constance08@example.org', '5c8cf568e995b435f22c4b4e75e155838e734deb', '89293017904', '0');
INSERT INTO `users` (`id`, `firstname`, `lastname`, `email`, `password_hash`, `phone`, `is_deleted`) VALUES ('41', 'Vernon', 'Steuber', 'dsanford@example.org', 'dcaf9b894c8f5589c90e91c24bdd8245dad29e6e', '89814066273', '0');
INSERT INTO `users` (`id`, `firstname`, `lastname`, `email`, `password_hash`, `phone`, `is_deleted`) VALUES ('42', 'Makenzie', 'Kunze', 'roy.muller@example.net', '62d7f7a98154369878bfbcb4086fd44d1eda971b', '89338904662', '0');
INSERT INTO `users` (`id`, `firstname`, `lastname`, `email`, `password_hash`, `phone`, `is_deleted`) VALUES ('43', 'Emily', 'Reichel', 'carlos50@example.org', '30b062ff4c76fbb7c859edc162b33e8899a6fea8', '89965052258', '1');
INSERT INTO `users` (`id`, `firstname`, `lastname`, `email`, `password_hash`, `phone`, `is_deleted`) VALUES ('44', 'Laisha', 'Mayert', 'qheaney@example.com', 'b64ae5f93a40ba06fb03ef5647352ec39ffa7fcb', '89597122066', '0');
INSERT INTO `users` (`id`, `firstname`, `lastname`, `email`, `password_hash`, `phone`, `is_deleted`) VALUES ('45', 'Vicky', 'Spencer', 'darron44@example.com', 'de7168b4f6e3808f503d579930b14b8db3c90dbf', '89338199628', '0');
INSERT INTO `users` (`id`, `firstname`, `lastname`, `email`, `password_hash`, `phone`, `is_deleted`) VALUES ('46', 'Arnoldo', 'Glover', 'logan.tillman@example.net', '6841f3aaaac681ead61e771773e1de38ed60ca79', '89986153509', '1');
INSERT INTO `users` (`id`, `firstname`, `lastname`, `email`, `password_hash`, `phone`, `is_deleted`) VALUES ('47', 'Rossie', 'Runte', 'winona.corkery@example.com', '5008b94c437010cbc3f0d77272f341b3c5f48790', '89899746631', '1');
INSERT INTO `users` (`id`, `firstname`, `lastname`, `email`, `password_hash`, `phone`, `is_deleted`) VALUES ('48', 'Ryan', 'Jakubowski', 'gaylord05@example.net', '5a45788a3b3b325edad021b75d0a5bad675d0ea3', '89580584407', '1');
INSERT INTO `users` (`id`, `firstname`, `lastname`, `email`, `password_hash`, `phone`, `is_deleted`) VALUES ('49', 'Lisandro', 'Keeling', 'nick.gutkowski@example.net', '747958388db3b07203e0495a14a15f16f759e52f', '89065366813', '1');
INSERT INTO `users` (`id`, `firstname`, `lastname`, `email`, `password_hash`, `phone`, `is_deleted`) VALUES ('50', 'Jeffery', 'Lehner', 'maggio.sarina@example.net', '1818e224407d9e06c1c32bfb4331425b9236d5b0', '89120609099', '1');
INSERT INTO `users` (`id`, `firstname`, `lastname`, `email`, `password_hash`, `phone`, `is_deleted`) VALUES ('51', 'Madie', 'Witting', 'penelope.wiegand@example.org', '914d27c1645240fb245a87b91214e57b3451bf24', '89087256984', '0');
INSERT INTO `users` (`id`, `firstname`, `lastname`, `email`, `password_hash`, `phone`, `is_deleted`) VALUES ('52', 'Frida', 'Leannon', 'teichmann@example.org', 'b1a5adc7a4243e458a229034b7745eb2c453fe14', '89953033777', '1');
INSERT INTO `users` (`id`, `firstname`, `lastname`, `email`, `password_hash`, `phone`, `is_deleted`) VALUES ('53', 'Nelson', 'Emmerich', 'aufderhar.christian@example.net', 'caa7d8afd5f9e9b5518c150cbc84aa180343b7f0', '89179578751', '0');
INSERT INTO `users` (`id`, `firstname`, `lastname`, `email`, `password_hash`, `phone`, `is_deleted`) VALUES ('54', 'Emma', 'Gerhold', 'furman80@example.com', 'c0c32ee8ba706eed3c59c0cdb9f80a5a38f1626e', '89353675516', '1');
INSERT INTO `users` (`id`, `firstname`, `lastname`, `email`, `password_hash`, `phone`, `is_deleted`) VALUES ('55', 'Colin', 'Kuhn', 'pfannerstill.maryse@example.org', 'f7d15e1ef826620e22d8e1b9130e6c00097b4cb1', '89865546231', '0');
INSERT INTO `users` (`id`, `firstname`, `lastname`, `email`, `password_hash`, `phone`, `is_deleted`) VALUES ('56', 'Courtney', 'Windler', 'osinski.vince@example.net', 'bcfe8e1ab42356acf229d92b96f8694bc87ef9b2', '89459141048', '0');
INSERT INTO `users` (`id`, `firstname`, `lastname`, `email`, `password_hash`, `phone`, `is_deleted`) VALUES ('57', 'Mazie', 'Batz', 'alisha.sauer@example.org', '9d86bd3a914582f6470958bacc4cfeb5775ce6d4', '89624444417', '1');
INSERT INTO `users` (`id`, `firstname`, `lastname`, `email`, `password_hash`, `phone`, `is_deleted`) VALUES ('58', 'Toni', 'Conroy', 'kennedy.morar@example.net', 'f8f5e7470b29d3a39af28f0889932aadf425a370', '89863970654', '1');
INSERT INTO `users` (`id`, `firstname`, `lastname`, `email`, `password_hash`, `phone`, `is_deleted`) VALUES ('59', 'Abel', 'Bayer', 'schowalter.casandra@example.net', 'd504171b935375f13ede4e6ff6d8d97b60d2d2b4', '89101805000', '0');
INSERT INTO `users` (`id`, `firstname`, `lastname`, `email`, `password_hash`, `phone`, `is_deleted`) VALUES ('60', 'Lamar', 'Bosco', 'keanu.klein@example.net', '68b7ae0b3b50e4b8e8f6b178927f381ffbce18cb', '89848510893', '1');
INSERT INTO `users` (`id`, `firstname`, `lastname`, `email`, `password_hash`, `phone`, `is_deleted`) VALUES ('61', 'Wayne', 'Johnston', 'xyost@example.com', 'a72d8366883e1cb5fbf08ddd193e0f7a69e6cc72', '89078538668', '0');
INSERT INTO `users` (`id`, `firstname`, `lastname`, `email`, `password_hash`, `phone`, `is_deleted`) VALUES ('62', 'Clinton', 'Jacobson', 'kiana82@example.org', 'efed7cd3db3e2e80ec6d39bba5c14e7fb6d750fb', '89396682958', '1');
INSERT INTO `users` (`id`, `firstname`, `lastname`, `email`, `password_hash`, `phone`, `is_deleted`) VALUES ('63', 'Concepcion', 'Leffler', 'istracke@example.net', '9bd16fa01cd66982fb4e2e61fdf793fb8de81acd', '89025848180', '0');
INSERT INTO `users` (`id`, `firstname`, `lastname`, `email`, `password_hash`, `phone`, `is_deleted`) VALUES ('64', 'Tomasa', 'Corkery', 'godfrey83@example.org', 'd8ce572e15562074c942f1ee9f6fba8d508e929d', '89110826123', '1');
INSERT INTO `users` (`id`, `firstname`, `lastname`, `email`, `password_hash`, `phone`, `is_deleted`) VALUES ('65', 'Furman', 'Christiansen', 'eli30@example.org', '201bdd2f41d1dbfa064bceef3d80d04b8935cc02', '89126016831', '1');
INSERT INTO `users` (`id`, `firstname`, `lastname`, `email`, `password_hash`, `phone`, `is_deleted`) VALUES ('66', 'Shanna', 'Abernathy', 'ashton.schumm@example.net', '1e8576e686173404346fb3b193e5547a2cbd006c', '89725578155', '0');
INSERT INTO `users` (`id`, `firstname`, `lastname`, `email`, `password_hash`, `phone`, `is_deleted`) VALUES ('67', 'Travis', 'Altenwerth', 'annetta.haag@example.net', 'd24e6c61c106456dc0ee2668f654b5461696954e', '89180257135', '0');
INSERT INTO `users` (`id`, `firstname`, `lastname`, `email`, `password_hash`, `phone`, `is_deleted`) VALUES ('68', 'Kieran', 'Ward', 'cormier.lambert@example.org', '3edd289ca9dc0ceb93c6d0c388ce6362b5d620be', '89516143472', '0');
INSERT INTO `users` (`id`, `firstname`, `lastname`, `email`, `password_hash`, `phone`, `is_deleted`) VALUES ('69', 'Mariah', 'Kuhic', 'fwiegand@example.org', '264ec2f088555dc260517910e96b271454842c27', '89196541599', '0');
INSERT INTO `users` (`id`, `firstname`, `lastname`, `email`, `password_hash`, `phone`, `is_deleted`) VALUES ('70', 'Ignacio', 'Lubowitz', 'ludie44@example.org', '1b7f3fd99f382eee96f2f3e1726bf32e5363a2a3', '89683563858', '1');
INSERT INTO `users` (`id`, `firstname`, `lastname`, `email`, `password_hash`, `phone`, `is_deleted`) VALUES ('71', 'Whitney', 'Kertzmann', 'bschneider@example.net', 'd811a4f7da2745176280429e29aa3537856da148', '89443620264', '1');
INSERT INTO `users` (`id`, `firstname`, `lastname`, `email`, `password_hash`, `phone`, `is_deleted`) VALUES ('72', 'Amanda', 'Roob', 'addison.lemke@example.com', 'b01f29ae501b76c5d1fc196cbc125f2d8b4496b2', '89279427355', '1');
INSERT INTO `users` (`id`, `firstname`, `lastname`, `email`, `password_hash`, `phone`, `is_deleted`) VALUES ('73', 'Theresa', 'Schuster', 'zulauf.idell@example.net', 'fc0e39a33dcc23b3f554efab921a31e5a9165e20', '89141702996', '1');
INSERT INTO `users` (`id`, `firstname`, `lastname`, `email`, `password_hash`, `phone`, `is_deleted`) VALUES ('74', 'Eloisa', 'Terry', 'brando48@example.com', '8e95de199731453fd7590e6a58c21ab9b259b481', '89316333138', '0');
INSERT INTO `users` (`id`, `firstname`, `lastname`, `email`, `password_hash`, `phone`, `is_deleted`) VALUES ('75', 'Eldred', 'Kohler', 'hartmann.beverly@example.com', 'da311a530b0d9745868d38b7f5b7b493fa21ce18', '89640920145', '0');
INSERT INTO `users` (`id`, `firstname`, `lastname`, `email`, `password_hash`, `phone`, `is_deleted`) VALUES ('76', 'Cathrine', 'Bergnaum', 'ara.schneider@example.com', '7acdbc254449984793a4f5654ca5e5236791ad79', '89133647973', '1');
INSERT INTO `users` (`id`, `firstname`, `lastname`, `email`, `password_hash`, `phone`, `is_deleted`) VALUES ('77', 'Casimer', 'O\'Hara', 'rowena.hessel@example.com', 'b7514631da45b8626e54030b14239dba943b3d48', '89778915424', '0');
INSERT INTO `users` (`id`, `firstname`, `lastname`, `email`, `password_hash`, `phone`, `is_deleted`) VALUES ('78', 'Terence', 'Hansen', 'lesly57@example.com', '423b28beab29d20f0008e9992389a14d85aab548', '89881947221', '0');
INSERT INTO `users` (`id`, `firstname`, `lastname`, `email`, `password_hash`, `phone`, `is_deleted`) VALUES ('79', 'Jettie', 'McDermott', 'halvorson.dejah@example.com', '91d0360c8a482913e0c4bc49200078fd20b331cb', '89457989047', '0');
INSERT INTO `users` (`id`, `firstname`, `lastname`, `email`, `password_hash`, `phone`, `is_deleted`) VALUES ('80', 'Alexa', 'Erdman', 'mohr.dewayne@example.org', 'b2a9ebb76329f9bcc42eb8576b81d182564edf3a', '89262050096', '0');
INSERT INTO `users` (`id`, `firstname`, `lastname`, `email`, `password_hash`, `phone`, `is_deleted`) VALUES ('81', 'Lavern', 'Stiedemann', 'charity.walter@example.net', '27597ddd56b8c73eaa85161f2522ae0a9d09f79e', '89886082200', '1');
INSERT INTO `users` (`id`, `firstname`, `lastname`, `email`, `password_hash`, `phone`, `is_deleted`) VALUES ('82', 'Lindsay', 'Cormier', 'koch.marilou@example.org', '7b94fcf6c086b5c7e446fcb7e8b0a5b7afa67491', '89091014180', '0');
INSERT INTO `users` (`id`, `firstname`, `lastname`, `email`, `password_hash`, `phone`, `is_deleted`) VALUES ('83', 'Karianne', 'Lehner', 'uhoppe@example.org', '8f548153bafe639c3a57c0223acd92a207a95d5d', '89676651424', '1');
INSERT INTO `users` (`id`, `firstname`, `lastname`, `email`, `password_hash`, `phone`, `is_deleted`) VALUES ('84', 'Savanah', 'Murazik', 'ludwig.wiegand@example.net', '971d6c194d9beb7cc9813cdbd458a7d5ebde419d', '89047262553', '0');
INSERT INTO `users` (`id`, `firstname`, `lastname`, `email`, `password_hash`, `phone`, `is_deleted`) VALUES ('85', 'Murl', 'Hodkiewicz', 'alexandro.wolff@example.com', '07e8522be08c3f41bdcb681e21846da67773595f', '89290362516', '0');
INSERT INTO `users` (`id`, `firstname`, `lastname`, `email`, `password_hash`, `phone`, `is_deleted`) VALUES ('86', 'Caterina', 'Watsica', 'kuhic.eve@example.net', 'e743b256a5a0f41c84fbf8936dd0e00db0de7738', '89515518488', '0');
INSERT INTO `users` (`id`, `firstname`, `lastname`, `email`, `password_hash`, `phone`, `is_deleted`) VALUES ('87', 'Ima', 'Hoeger', 'hand.frida@example.org', '9d71c7162898b732ee698afe55338046722f1fe3', '89996482869', '1');
INSERT INTO `users` (`id`, `firstname`, `lastname`, `email`, `password_hash`, `phone`, `is_deleted`) VALUES ('88', 'Blaze', 'Becker', 'imills@example.org', '74ac09ae5536393c67a8bf759f8b0c60df7abea9', '89880124807', '0');
INSERT INTO `users` (`id`, `firstname`, `lastname`, `email`, `password_hash`, `phone`, `is_deleted`) VALUES ('89', 'Glenna', 'Roberts', 'qwintheiser@example.org', '49db4cc9cd478ab4562a095598f32fc448d18c64', '89240319123', '1');
INSERT INTO `users` (`id`, `firstname`, `lastname`, `email`, `password_hash`, `phone`, `is_deleted`) VALUES ('90', 'Abbie', 'Labadie', 'whowe@example.com', '0692bdb7555bebf30cb4879705830fff95d7be51', '89884919544', '0');
INSERT INTO `users` (`id`, `firstname`, `lastname`, `email`, `password_hash`, `phone`, `is_deleted`) VALUES ('91', 'Maudie', 'Schuppe', 'mitchell.nina@example.com', 'c86ade8eb02ca6f509dc276752ba7fd59849190c', '89721925740', '1');
INSERT INTO `users` (`id`, `firstname`, `lastname`, `email`, `password_hash`, `phone`, `is_deleted`) VALUES ('92', 'Noelia', 'Wisoky', 'jerrold.anderson@example.net', '46ad18ba127b424e29c6ccd9d698de590b435c46', '89916491069', '1');
INSERT INTO `users` (`id`, `firstname`, `lastname`, `email`, `password_hash`, `phone`, `is_deleted`) VALUES ('93', 'Eldred', 'Dibbert', 'kuvalis.jasmin@example.org', '8199e336e06d9980506e66902e584321223276e7', '89928725571', '1');
INSERT INTO `users` (`id`, `firstname`, `lastname`, `email`, `password_hash`, `phone`, `is_deleted`) VALUES ('94', 'Madison', 'Runte', 'zbayer@example.com', 'fbcb9640b4fc46d1afda5c373ffd74d8f22d3a0d', '89121023153', '0');
INSERT INTO `users` (`id`, `firstname`, `lastname`, `email`, `password_hash`, `phone`, `is_deleted`) VALUES ('95', 'Lenny', 'Satterfield', 'bertram57@example.org', '7c09f1e761fece5ce57a752403bf5789f76ec294', '89691344228', '0');
INSERT INTO `users` (`id`, `firstname`, `lastname`, `email`, `password_hash`, `phone`, `is_deleted`) VALUES ('96', 'Skye', 'Bogisich', 'jeremie16@example.org', '732ad0f67e1d97e916819ed31934372582bc3916', '89515332324', '0');
INSERT INTO `users` (`id`, `firstname`, `lastname`, `email`, `password_hash`, `phone`, `is_deleted`) VALUES ('97', 'Elwin', 'Crona', 'jessika64@example.net', 'e39be4c9a57ecace4f289704d68bae4e844077db', '89089256899', '0');
INSERT INTO `users` (`id`, `firstname`, `lastname`, `email`, `password_hash`, `phone`, `is_deleted`) VALUES ('98', 'Aurelie', 'Lebsack', 'joaquin.jerde@example.net', '1410ed5b963584450efc8ac933d7f8dd7680f050', '89364603570', '1');
INSERT INTO `users` (`id`, `firstname`, `lastname`, `email`, `password_hash`, `phone`, `is_deleted`) VALUES ('99', 'Lenore', 'Senger', 'emma.heathcote@example.org', 'ddbab57bff6c6d65aef0a292887e66f0fff0026e', '89799206305', '1');
INSERT INTO `users` (`id`, `firstname`, `lastname`, `email`, `password_hash`, `phone`, `is_deleted`) VALUES ('100', 'Makenzie', 'Runte', 'lucinda.hilpert@example.org', '05288ab67fa99de6b09f06ed0dbe1f6d5b09fb3e', '89253505496', '1');


